"trialNr","nwords","stim_file","trialID","taskVersion","aoi","aoiInfo_wordPosition","aoiInfo_word","aoiInfo_nchar","aoiInfo_freq","aoiInfo_pred","aoiInfo_lum_norm","aoiInfo_simBOLD_res","aoiInfo_OLD20"
1,7,"Den Ton gab der Künstler seinem Gehilfen. ","ID_1_7","v1","[[142.5,186.5,384,384],[186.5,230.5,384,384],[230.5,274.5,384,384],[274.5,373.5,384,384],[373.5,450.5,384,384],[450.5,555,384,384]]","[2,3,4,5,6,7]","[""Ton"",""gab"",""der"",""Künstler"",""seinem"",""Gehilfen""]","[3,3,3,8,6,9]","[2.8645,3.8526,5.3728,2.7202,3.7476,1.3617]","[0,0.0833,0.7262,0.0119,0,0.0357]","[139.2797,155.3111,134.7281,129.5892,132.415,121.9826]","[""NA"",""NA"",""NA"",0.5774,0.2119,0.4563]","[1,1,1,2,1.05,2.2]"
2,8,"Der Hof lag weit außerhalb des eigentlichen Dorfes. ","ID_2_8","v1","[[142.5,186.5,384,384],[186.5,230.5,384,384],[230.5,285.5,384,384],[285.5,395.5,384,384],[395.5,439.5,384,384],[439.5,582.5,384,384],[582.5,665,384,384]]","[2,3,4,5,6,7,8]","[""Hof"",""lag"",""weit"",""außerhalb"",""des"",""eigentlichen"",""Dorfes""]","[3,3,4,9,3,12,7]","[2.6758,3.1119,3.8172,2.9128,4.4516,1.8573,2]","[0,0,0.0588,0.0235,0.4824,0.0118,0.3412]","[147.4562,137.932,123.8902,134.9847,141.3124,127.8359,118.6689]","[""NA"",""NA"",""NA"",0.8656,""NA"",0.0335,0.8162]","[1,1,1,2.6,1,2,1.8]"
3,10,"Die Wanderer sahen Rehe auf einer Lichtung im Wald äsen. ","ID_3_10","v1","[[142.5,241.5,384,384],[241.5,307.5,384,384],[307.5,362.5,384,384],[362.5,406.5,384,384],[406.5,472.5,384,384],[472.5,571.5,384,384],[571.5,604.5,384,384],[604.5,659.5,384,384],[659.5,720,384,384]]","[2,3,4,5,6,7,8,9,10]","[""Wanderer"",""sahen"",""Rehe"",""auf"",""einer"",""Lichtung"",""im"",""Wald"",""äsen""]","[8,5,4,3,5,8,2,4,5]","[1.7324,3.0149,1.3802,5.1189,4.4945,1.4771,4.7586,3.0917,0]","[0,0.0118,0,0.1647,0.0588,0.2588,0.1412,0.8118,0.1765]","[134.7495,135.3984,148.4735,140.6131,121.0494,131.6123,135.8078,144.098,115.9129]","[0.2922,0.3663,""NA"",""NA"",0.2879,0.4011,""NA"",""NA"",0.6242]","[1.7,1.15,1,1,1,1.8,1,1,1.6]"
4,10,"Den Kopf hieb man früher nur Mördern und Verrätern ab. ","ID_4_10","v1","[[142.5,197.5,384,384],[197.5,252.5,384,384],[252.5,296.5,384,384],[296.5,373.5,384,384],[373.5,417.5,384,384],[417.5,505.5,384,384],[505.5,549.5,384,384],[549.5,659.5,384,384],[659.5,698,384,384]]","[2,3,4,5,6,7,8,9,10]","[""Kopf"",""hieb"",""man"",""früher"",""nur"",""Mördern"",""und"",""Verrätern"",""ab""]","[4,4,3,6,3,7,3,9,3]","[3.9105,0.7782,4.6026,3.4797,4.9071,1.6902,5.4068,1.6021,4.2118]","[0,0,0.0824,0.0118,0,0,0.0471,0.0588,0.9647]","[150.7402,137.1069,144.6941,128.768,121.1477,140.2605,140.6863,124.7765,109.7595]","[""NA"",""NA"",""NA"",0.3121,""NA"",0.1108,""NA"",0.3068,""NA""]","[1.05,1.2,1,1.4,1,1.6,1,2.25,1]"
5,8,"Vorne am Bug sah man eine prächtige Galionsfigur. ","ID_5_8","v1","[[164.5,197.5,384,384],[197.5,241.5,384,384],[241.5,285.5,384,384],[285.5,329.5,384,384],[329.5,384.5,384,384],[384.5,494.5,384,384],[494.5,643,384,384]]","[2,3,4,5,6,7,8]","[""am"",""Bug"",""sah"",""man"",""eine"",""prächtige"",""Galionsfigur""]","[2,3,3,3,4,9,13]","[4.3613,1.959,3.7448,4.6026,5.0745,1.5682,0.7782]","[0.1765,0.0824,0,0.3529,0.2,0,0.0706]","[150.3843,160.6209,137.4431,144.6941,124.5343,136.1054,121.0431]","[""NA"",""NA"",""NA"",""NA"",""NA"",0.2299,0.5805]","[1,1,1,1,1,1.65,5.1]"
6,7,"Sogar aus Raps läßt sich Kraftstoff herstellen. ","ID_6_7","v1","[[164.5,208.5,384,384],[208.5,263.5,384,384],[263.5,318.5,384,384],[318.5,373.5,384,384],[373.5,494.5,384,384],[494.5,621,384,384]]","[2,3,4,5,6,7]","[""aus"",""Raps"",""läßt"",""sich"",""Kraftstoff"",""herstellen""]","[3,4,4,4,10,11]","[4.8285,0.9031,3.6696,4.9203,0.699,2.3747]","[0,0,0.0353,0.9059,0.0471,0.5529]","[127.0536,152.0578,135.5824,134.2902,128.7043,116.8784]","[""NA"",""NA"",""NA"",""NA"",0.671,0.0942]","[1,1.15,1.5,1,3.5,1.8]"
7,8,"Torsten beobachtete gestern eine Maus, die Efeu fraß. ","ID_7_8","v1","[[186.5,318.5,384,384],[318.5,406.5,384,384],[406.5,461.5,384,384],[461.5,527.5,384,384],[527.5,571.5,384,384],[571.5,626.5,384,384],[626.5,687,384,384]]","[2,3,4,5,6,7,8]","[""beobachtete"",""gestern"",""eine"",""Maus"",""die"",""Efeu"",""fraß""]","[11,7,4,5,3,4,5]","[1.9031,3.5715,5.0745,2.4265,5.5136,1,1.4914]","[0,0.1047,0.0698,0,0.7442,0,0.3953]","[134.3102,131.3608,124.5343,121.5529,133.0667,140.3,114.6353]","[0.1007,0.1276,""NA"",0.5923,""NA"",""NA"",0.9606]","[2.3,1.35,1,1,1,1.95,1.4]"
8,9,"Der schüchterne kleine Gnom mied die Nähe der Elfen. ","ID_8_9","v1","[[142.5,274.5,384,384],[274.5,351.5,384,384],[351.5,406.5,384,384],[406.5,461.5,384,384],[461.5,505.5,384,384],[505.5,560.5,384,384],[560.5,604.5,384,384],[604.5,676,384,384]]","[2,3,4,5,6,7,8,9]","[""schüchterne"",""kleine"",""Gnom"",""mied"",""die"",""Nähe"",""der"",""Elfen""]","[11,6,4,4,3,4,3,6]","[1.1461,3.7505,1.1761,0.8451,5.5136,3.3516,5.3728,1.8513]","[0,0.0118,0.0118,0.0118,0.5529,0,0.6588,0.0118]","[130.005,126.3333,150.1176,142.1725,133.0667,155.7196,134.7281,119.5595]","[0.2365,0.2119,""NA"",""NA"",""NA"",""NA"",""NA"",0.9849]","[2,1.35,1.75,1.05,1,1.2,1,1.7]"
9,9,"Claudia hatte ihr Fahrrad auf der Straße stehen lassen. ","ID_9_9","v1","[[186.5,252.5,384,384],[252.5,296.5,384,384],[296.5,384.5,384,384],[384.5,428.5,384,384],[428.5,472.5,384,384],[472.5,549.5,384,384],[549.5,626.5,384,384],[626.5,709,384,384]]","[2,3,4,5,6,7,8,9]","[""hatte"",""ihr"",""Fahrrad"",""auf"",""der"",""Straße"",""stehen"",""lassen""]","[5,3,7,3,3,6,6,7]","[4.396,4.8321,2.5391,5.1189,5.3728,3.4493,3.7546,4.2199]","[0.0119,0,0.0476,0.0238,0.2024,0.6667,0.3452,0.7024]","[129.6235,121.1412,134.2258,140.6131,134.7281,136.785,132.119,113.6471]","[0.2879,""NA"",0.8792,""NA"",""NA"",0.8162,0.2448,0.144]","[1,1,2.35,1,1,1.5,1.2,1]"
10,11,"Wir hätten schon vor einer Stunde wissen sollen, ob ihr kommt. ","ID_10_11","v1","[[142.5,219.5,384,384],[219.5,285.5,384,384],[285.5,329.5,384,384],[329.5,395.5,384,384],[395.5,472.5,384,384],[472.5,549.5,384,384],[549.5,637.5,384,384],[637.5,670.5,384,384],[670.5,714.5,384,384],[714.5,786,384,384]]","[2,3,4,5,6,7,8,9,10,11]","[""hätten"",""schon"",""vor"",""einer"",""Stunde"",""wissen"",""sollen"",""ob"",""ihr"",""kommt""]","[6,5,3,5,6,6,7,2,3,6]","[3.756,4.8195,4.5422,4.4945,3.5637,4.3892,4.0093,4.1393,4.8321,4.2925]","[0,0.0119,0.0238,0.0714,0.1905,0,0.2169,0.0361,0.012,0.3253]","[133.4928,131.8863,133.7752,121.0494,139.5222,127.8248,110.619,144.5412,121.1412,128.4529]","[0.3121,0.479,""NA"",0.2879,0.4883,0.2039,0.144,""NA"",""NA"",0.365]","[1.35,1.05,1,1,1.55,1,1,1,1,1.1]"
11,9,"Die Eltern konnten ihre Kinder im Garten raufen hören. ","ID_11_9","v1","[[142.5,219.5,384,384],[219.5,307.5,384,384],[307.5,362.5,384,384],[362.5,439.5,384,384],[439.5,472.5,384,384],[472.5,549.5,384,384],[549.5,626.5,384,384],[626.5,698,384,384]]","[2,3,4,5,6,7,8,9]","[""Eltern"",""konnten"",""ihre"",""Kinder"",""im"",""Garten"",""raufen"",""hören""]","[6,7,4,6,2,6,6,6]","[3.6115,3.3773,4.1595,3.9833,4.7586,2.8681,0.699,3.9366]","[0.0235,0,0.0588,0.8353,0,0.1176,0,0.0118]","[128.7627,132.3563,123.6931,135.1464,135.8078,137.5477,126.0627,118.5072]","[0.4883,0.1108,""NA"",0.2448,""NA"",0.2119,0.144,0.5646]","[1.35,1.35,1,1,1,1,1.05,1.1]"
12,9,"Er hätte nicht auch noch am Telefon nörgeln sollen. ","ID_12_9","v1","[[131.5,197.5,384,384],[197.5,263.5,384,384],[263.5,318.5,384,384],[318.5,373.5,384,384],[373.5,406.5,384,384],[406.5,494.5,384,384],[494.5,582.5,384,384],[582.5,665,384,384]]","[2,3,4,5,6,7,8,9]","[""hätte"",""nicht"",""auch"",""noch"",""am"",""Telefon"",""nörgeln"",""sollen""]","[5,5,4,4,2,7,7,7]","[4.2475,5.6257,4.8407,4.9381,4.3613,3.5592,1.3424,4.0093]","[0,0.0235,0,0.6588,0.0118,0,0,0.7059]","[133.5286,131.8525,131.3088,133.1422,150.3843,131.3529,133.6359,110.619]","[0.479,0.2879,""NA"",""NA"",""NA"",0.9489,0.6524,0.144]","[1.3,1,1,1,1,1.45,1.95,1]"
13,11,"Wegen ihrer Diät hatte die Gräfin leider keine Auster nehmen dürfen. ","ID_13_11","v1","[[164.5,230.5,384,384],[230.5,285.5,384,384],[285.5,351.5,384,384],[351.5,395.5,384,384],[395.5,472.5,384,384],[472.5,549.5,384,384],[549.5,615.5,384,384],[615.5,692.5,384,384],[692.5,769.5,384,384],[769.5,852,384,384]]","[2,3,4,5,6,7,8,9,10,11]","[""ihrer"",""Diät"",""hatte"",""die"",""Gräfin"",""leider"",""keine"",""Auster"",""nehmen"",""dürfen""]","[5,4,5,3,6,6,5,6,6,7]","[3.6266,2.2095,4.396,5.5136,1.8129,3.284,4.6341,1.415,3.9018,3.5193]","[0.0119,0,0.0357,0.119,0.0119,0,0.2738,0,0,0.1667]","[120.3765,134.5206,129.6235,133.0667,132.168,124.381,129.8745,128.2248,142.1673,121.0835]","[0.5339,""NA"",0.2879,""NA"",0.9542,0.2646,0.2879,0.8162,0.2646,0.3121]","[1.45,1.8,1,1,2.35,1.25,1,1.35,1.35,1.4]"
14,9,"Die meisten Hamster bleiben bei Tag in ihrem Häuschen. ","ID_14_9","v1","[[142.5,230.5,384,384],[230.5,318.5,384,384],[318.5,406.5,384,384],[406.5,450.5,384,384],[450.5,494.5,384,384],[494.5,527.5,384,384],[527.5,593.5,384,384],[593.5,698,384,384]]","[2,3,4,5,6,7,8,9]","[""meisten"",""Hamster"",""bleiben"",""bei"",""Tag"",""in"",""ihrem"",""Häuschen""]","[7,7,7,3,3,2,5,9]","[3.3869,1.8921,3.9898,4.5715,4.2126,5.2604,3.6051,2.1644]","[0.0235,0,0,0.0588,0.1059,0.5529,0.7294,0.0588]","[130.0202,137.9266,132.6134,131.4131,153.7922,117.7196,132.8525,128.5852]","[0.0917,0.6524,0.3605,""NA"",""NA"",""NA"",0.5646,0.0668]","[1.25,1.9,1.55,1,1,1,1.55,1.4]"
15,10,"Man sollte nie Geschirr mit einem dreckigen Lappen spülen müssen. ","ID_15_10","v1","[[142.5,219.5,384,384],[219.5,263.5,384,384],[263.5,362.5,384,384],[362.5,406.5,384,384],[406.5,472.5,384,384],[472.5,582.5,384,384],[582.5,659.5,384,384],[659.5,736.5,384,384],[736.5,819,384,384]]","[2,3,4,5,6,7,8,9,10]","[""sollte"",""nie"",""Geschirr"",""mit"",""einem"",""dreckigen"",""Lappen"",""spülen"",""müssen""]","[6,3,8,3,5,9,6,6,7]","[4.1917,4.4507,2.0899,5.1841,4.5288,2.3054,1.9395,1.716,4.4641]","[0.0595,0.0357,0,0.1071,0.0714,0.0476,0.4048,0.0238,0]","[119.9059,122.2627,126.8554,129.0889,133.5255,134.7608,146.0111,135.9634,123.9513]","[0.144,""NA"",0.9971,""NA"",0.2879,0.1948,0.2646,0.6506,0.2646]","[1,1,2.75,1,1,2.15,1.05,1.8,1]"
16,9,"Man kann Spargel dämpfen oder in viel Wasser kochen. ","ID_16_9","v1","[[142.5,197.5,384,384],[197.5,285.5,384,384],[285.5,373.5,384,384],[373.5,428.5,384,384],[428.5,461.5,384,384],[461.5,516.5,384,384],[516.5,593.5,384,384],[593.5,676,384,384]]","[2,3,4,5,6,7,8,9]","[""kann"",""Spargel"",""dämpfen"",""oder"",""in"",""viel"",""Wasser"",""kochen""]","[4,7,7,4,2,4,6,7]","[4.8285,1.4314,1.2553,4.6621,5.2604,4.3869,3.7491,2.8062]","[0.4699,0,0,0.506,0.0361,0.012,0.5422,0.747]","[137.2853,141.916,150.5815,133.1255,117.7196,112.0353,138.5765,121.7697]","[""NA"",0.8813,0.1108,""NA"",""NA"",""NA"",0.4883,0.1805]","[1,2.1,1.6,1,1,1,1.15,1]"
17,9,"Manchmal sagen Opfer vor Gericht nicht die volle Wahrheit. ","ID_17_9","v1","[[197.5,263.5,384,384],[263.5,329.5,384,384],[329.5,373.5,384,384],[373.5,461.5,384,384],[461.5,527.5,384,384],[527.5,571.5,384,384],[571.5,637.5,384,384],[637.5,742,384,384]]","[2,3,4,5,6,7,8,9]","[""sagen"",""Opfer"",""vor"",""Gericht"",""nicht"",""die"",""volle"",""Wahrheit""]","[5,5,3,7,5,3,5,9]","[4.521,3.2735,4.5422,3.0554,5.6257,5.5136,2.6484,3.704]","[0,0,0,0.3059,0.5059,0.5529,0.0118,1]","[139.3388,140.7224,133.7752,128.0745,131.8525,133.0667,116.5922,122.654]","[0.2879,0.6327,""NA"",0.0577,0.2879,""NA"",0.2879,0.8338]","[1,1.55,1,1.4,1,1,1,2.25]"
18,7,"Die meisten Befragten hören Musik zur Entspannung. ","ID_18_7","v1","[[142.5,230.5,384,384],[230.5,340.5,384,384],[340.5,406.5,384,384],[406.5,472.5,384,384],[472.5,516.5,384,384],[516.5,654,384,384]]","[2,3,4,5,6,7]","[""meisten"",""Befragten"",""hören"",""Musik"",""zur"",""Entspannung""]","[7,9,5,5,3,12]","[3.3869,0.4771,3.9366,3.8002,4.2521,1.8513]","[0.1176,0,0,0.0235,0.0118,0.2824]","[130.0202,137.6889,142.2086,138.5224,115.0013,132.5667]","[0.0917,0.2299,0.5646,0.6574,""NA"",0.2721]","[1.25,1.8,1.1,1.6,1,2.85]"
19,7,"Kinder essen Quark am Liebsten mit Früchten. ","ID_19_7","v1","[[175.5,241.5,384,384],[241.5,307.5,384,384],[307.5,340.5,384,384],[340.5,439.5,384,384],[439.5,483.5,384,384],[483.5,588,384,384]]","[2,3,4,5,6,7]","[""essen"",""Quark"",""am"",""liebsten"",""mit"",""Früchten""]","[5,5,2,8,3,9]","[3.7522,1.1461,4.3613,1.8751,5.1841,1.3979]","[0,0,0.0698,0.8837,0.686,0.2558]","[129.9475,142.6408,150.3843,""NA"",129.0889,120.1146]","[0.3175,0.9311,""NA"",""NA"",""NA"",0.4204]","[1,1.75,1,1.7,1,1.85]"
20,10,"Bei Wölfen leben Rudel nicht verwandter Tiere in getrennten Revieren. ","ID_20_10","v1","[[142.5,219.5,384,384],[219.5,285.5,384,384],[285.5,351.5,384,384],[351.5,417.5,384,384],[417.5,538.5,384,384],[538.5,604.5,384,384],[604.5,637.5,384,384],[637.5,758.5,384,384],[758.5,863,384,384]]","[2,3,4,5,6,7,8,9,10]","[""Wölfen"",""leben"",""Rudel"",""nicht"",""verwandter"",""Tiere"",""in"",""getrennten"",""Revieren""]","[6,5,5,5,10,5,2,10,9]","[1.8921,3.7875,1.7076,5.6257,0.8451,3.0116,5.2604,1.3222,0]","[0,0,0,0,0,0.5059,0.0824,0.0235,0.1294]","[137.034,133.0808,141.1459,131.8525,127.5314,125.6282,117.7196,130.629,117.4309]","[0.9389,0.2879,0.9311,0.2879,0.1594,0.5339,""NA"",0.1722,0.4204]","[1.85,1,1.6,1,2.05,1,1,2.35,1.9]"
21,11,"Die Frauen in den Andendörfern weben Stoff noch auf traditionellen Webstühlen. ","ID_21_11","v1","[[142.5,219.5,384,384],[219.5,252.5,384,384],[252.5,296.5,384,384],[296.5,439.5,384,384],[439.5,505.5,384,384],[505.5,571.5,384,384],[571.5,626.5,384,384],[626.5,670.5,384,384],[670.5,835.5,384,384],[835.5,962,384,384]]","[2,3,4,5,6,7,8,9,10,11]","[""Frauen"",""in"",""den"",""Andendörfern"",""weben"",""Stoff"",""noch"",""auf"",""traditionelle"",""Webstühlen""]","[6,2,3,12,5,5,4,3,14,11]","[3.7627,5.2604,5.163,0,1.2041,2.8215,4.9381,5.1189,1.6902,0]","[0.0118,0.0353,0.0941,0,0,0,0.0118,0.0235,0,0.5882]","[128.1601,117.7196,143.4627,137.6516,140.6424,134.531,133.1422,140.6131,""NA"",128.4225]","[0.2448,""NA"",""NA"",0.8521,0.2879,0.9849,""NA"",""NA"",""NA"",0.5608]","[1.35,1,1,5.05,1,1.4,1,1,2.85,3.3]"
22,11,"Die Platzwarte ebnen Stück für Stück den Rasen nach dem Spiel. ","ID_22_11","v1","[[142.5,263.5,384,384],[263.5,329.5,384,384],[329.5,395.5,384,384],[395.5,439.5,384,384],[439.5,505.5,384,384],[505.5,549.5,384,384],[549.5,615.5,384,384],[615.5,670.5,384,384],[670.5,714.5,384,384],[714.5,786,384,384]]","[2,3,4,5,6,7,8,9,10,11]","[""Platzwarte"",""ebnen"",""Stück"",""für"",""Stück"",""den"",""Rasen"",""nach"",""dem"",""Spiel""]","[10,5,5,3,5,3,5,4,3,6]","[0,0.8451,3.5015,5.0261,3.5015,5.163,2.3118,4.6686,4.875,3.7208]","[0,0,0,0.9518,0.9398,0.7108,0.2892,0,0.6747,0.6265]","[125.3286,138.018,138.851,126.6536,138.851,143.4627,139.9624,133.8824,155.5216,120.0824]","[0.4707,0.6327,0.8355,""NA"",0.8355,""NA"",0.3663,""NA"",""NA"",0.5646]","[3.25,1.7,1.45,1,1.45,1,1,1,1,1.15]"
23,7,"In den Fässern gären Beize und Lauge. ","ID_23_7","v1","[[131.5,175.5,384,384],[175.5,263.5,384,384],[263.5,329.5,384,384],[329.5,395.5,384,384],[395.5,439.5,384,384],[439.5,511,384,384]]","[2,3,4,5,6,7]","[""den"",""Fässern"",""gären"",""Beize"",""und"",""Lauge""]","[3,7,5,5,3,6]","[5.163,1.3979,0.699,0,5.4068,1.1139]","[0.0595,0,0,0,0.8214,0.0119]","[143.4627,131.3132,139.2933,132.9302,140.6863,121.7889]","[""NA"",0.7275,0.7319,0.5201,""NA"",0.365]","[1,1.95,1.6,1.4,1,1.25]"
24,8,"Die Förster küren Ahorn zum Baum des Jahres. ","ID_24_8","v1","[[142.5,230.5,384,384],[230.5,296.5,384,384],[296.5,362.5,384,384],[362.5,406.5,384,384],[406.5,461.5,384,384],[461.5,505.5,384,384],[505.5,588,384,384]]","[2,3,4,5,6,7,8]","[""Förster"",""küren"",""Ahorn"",""zum"",""Baum"",""des"",""Jahres""]","[7,5,5,3,4,3,7]","[1.2041,0.6021,1.0414,4.5244,3.0082,4.4516,2.5185]","[0,0,0,0.3412,0.6235,0.8941,0.9294]","[125.5457,133.1106,137.6573,135.7948,152.1853,141.3124,116.2667]","[0.7482,0.9917,0.7847,""NA"",""NA"",""NA"",0.3121]","[1.95,1.75,1.85,1,1,1,1.5]"
25,6,"Wolfgangs Töchter studieren Literatur und Maschinenbau. ","ID_25_6","v1","[[208.5,296.5,384,384],[296.5,406.5,384,384],[406.5,516.5,384,384],[516.5,560.5,384,384],[560.5,709,384,384]]","[2,3,4,5,6]","[""Töchter"",""studieren"",""Literatur"",""und"",""Maschinenbau""]","[7,9,9,3,13]","[2.4314,2.5366,2.0828,5.4068,0.9031]","[0,0.0235,0,0.5059,0]","[132.7289,126.2784,118.5839,140.6863,128.5267]","[0.4885,0.1971,0.9719,""NA"",0.3636]","[1.8,1.8,3.4,1,3.45]"
26,9,"In der Klosterschule herrschen Schwester Agathe und Schwester Maria. ","ID_26_9","v1","[[131.5,175.5,384,384],[175.5,329.5,384,384],[329.5,439.5,384,384],[439.5,549.5,384,384],[549.5,626.5,384,384],[626.5,670.5,384,384],[670.5,780.5,384,384],[780.5,852,384,384]]","[2,3,4,5,6,7,8,9]","[""der"",""Klosterschule"",""herrschen"",""Schwester"",""Agathe"",""und"",""Schwester"",""Maria""]","[3,13,9,9,6,3,9,6]","[5.3728,1.1139,2.1461,3.7496,1.5563,5.4068,3.7496,2.9191]","[0.6824,0,0.0235,0,0.0118,0.9176,0.5176,0.1412]","[134.7281,126.9207,129.1355,133.0854,145.2856,140.6863,133.0854,116.3993]","[""NA"",0.5326,0.1769,0.204,0.2381,""NA"",0.204,0.8355]","[1,4.6,1.8,1.55,2.4,1,1.55,1]"
27,7,"Hier scheinen Klempner am Werk zu sein. ","ID_27_7","v1","[[153.5,252.5,384,384],[252.5,351.5,384,384],[351.5,384.5,384,384],[384.5,439.5,384,384],[439.5,472.5,384,384],[472.5,533,384,384]]","[2,3,4,5,6,7]","[""scheinen"",""Klempner"",""am"",""Werk"",""zu"",""sein""]","[8,8,2,4,2,5]","[2.918,2.1271,4.3613,2.6425,5.3601,4.8345]","[0,0,0.2588,0.4706,0.5412,0.9412]","[128.6564,140.6971,150.3843,140.1137,118.9471,106.1773]","[0.1879,0.5289,""NA"",""NA"",""NA"",0.5923]","[1.75,1.95,1,1,1,1]"
28,8,"Im Aussehen gleichen Bratsche und Geige sich sehr. ","ID_28_8","v1","[[131.5,230.5,384,384],[230.5,329.5,384,384],[329.5,428.5,384,384],[428.5,472.5,384,384],[472.5,538.5,384,384],[538.5,593.5,384,384],[593.5,654,384,384]]","[2,3,4,5,6,7,8]","[""Aussehen"",""gleichen"",""Bratsche"",""und"",""Geige"",""sich"",""sehr""]","[8,8,8,3,5,4,5]","[2.5763,3.1495,0.7782,5.4068,1.9294,4.9203,4.4877]","[0,0.0118,0,0.9294,0.3412,0.7059,0.5059]","[136.5377,131.449,133.5176,140.6863,141.6125,134.2902,111.349]","[0.0668,0.0668,0.3215,""NA"",0.479,""NA"",0.5923]","[1.65,1.6,1.9,1,1.35,1,1]"
29,7,"Angeblich flunkern Künstler oft bezüglich ihrer Einnahmen. ","ID_29_7","v1","[[208.5,307.5,384,384],[307.5,406.5,384,384],[406.5,450.5,384,384],[450.5,560.5,384,384],[560.5,626.5,384,384],[626.5,742,384,384]]","[2,3,4,5,6,7]","[""flunkern"",""Künstler"",""oft"",""bezüglich"",""ihrer"",""Einnahmen""]","[8,8,3,9,5,10]","[0.699,2.7202,3.638,2.3892,3.6266,1.7993]","[0,0,0.0714,0,0.5476,0.0238]","[127.2843,129.5892,124.7582,133.9015,120.3765,130.2133]","[0.4194,0.5774,""NA"",0.3068,0.5339,0.204]","[1.85,2,1,2.25,1.45,1.95]"
30,6,"Manchmal krakeelen Politiker genauso wie Demonstranten. ","ID_30_6","v1","[[197.5,307.5,384,384],[307.5,417.5,384,384],[417.5,505.5,384,384],[505.5,549.5,384,384],[549.5,709,384,384]]","[2,3,4,5,6]","[""krakeelen"",""Politiker"",""genauso"",""wie"",""Demonstranten""]","[9,9,7,3,14]","[0,2.4346,3.3985,4.96,1.7076]","[0,0,0.0118,0.5529,0]","[130.7608,121.9525,135.4331,126.6366,123.3216]","[0.9948,0.4615,0.7482,""NA"",0.2963]","[3.35,2.35,2.05,1,3.9]"
31,9,"Die Armen plündern Speicher und Vorratskeller der reichen Bauern. ","ID_31_9","v1","[[142.5,208.5,384,384],[208.5,307.5,384,384],[307.5,406.5,384,384],[406.5,450.5,384,384],[450.5,604.5,384,384],[604.5,648.5,384,384],[648.5,736.5,384,384],[736.5,819,384,384]]","[2,3,4,5,6,7,8,9]","[""Armen"",""plündern"",""Speicher"",""und"",""Vorratskeller"",""der"",""reichen"",""Bauern""]","[5,8,8,3,13,3,7,7]","[2.8319,1.7709,1.9085,5.4068,0,5.3728,2.9605,2.5647]","[0,0,0,0.5176,0,0.2471,0.0706,0.0118]","[141.3224,136.8833,135.5034,140.6863,122.6015,134.7281,125.1692,121.1798]","[0.2879,0.3827,0.0668,""NA"",0.6515,""NA"",0.005,0.1818]","[1,1.85,1.6,1,4.75,1,1.05,1.25]"
32,8,"Die Richter der Landwirtschaftsschau prämieren Rhabarber und Mangold. ","ID_32_8","v1","[[142.5,230.5,384,384],[230.5,274.5,384,384],[274.5,505.5,384,384],[505.5,615.5,384,384],[615.5,725.5,384,384],[725.5,769.5,384,384],[769.5,863,384,384]]","[2,3,4,5,6,7,8]","[""Richter"",""der"",""Landwirtschaf"",""prämieren"",""Rhabarber"",""und"",""Mangold""]","[7,3,20,9,9,3,8]","[2.9415,5.3728,0,0,0.7782,5.4068,0.301]","[0,0.0353,0,0,0,0.4353,0.0118]","[129.1686,134.7281,""NA"",133.9704,140.0946,140.6863,133.4696]","[0.0954,""NA"",""NA"",0.4615,0.6153,""NA"",0.9489]","[1.3,1,6.1,2.55,3.9,1,2.3]"
33,9,"Schon immer war der Besitz von Land sehr wichtig. ","ID_33_9","v1","[[164.5,230.5,384,384],[230.5,274.5,384,384],[274.5,318.5,384,384],[318.5,395.5,384,384],[395.5,439.5,384,384],[439.5,494.5,384,384],[494.5,549.5,384,384],[549.5,643,384,384]]","[2,3,4,5,6,7,8,9]","[""immer"",""war"",""der"",""Besitz"",""von"",""Land"",""sehr"",""wichtig""]","[5,3,3,6,3,4,4,8]","[4.6174,5.0288,5.3728,2.7348,5.0397,3.7585,4.4877,3.6295]","[0.0349,0.1163,0.2674,0,0.2674,0.0233,0.0349,0.1395]","[135.7725,140.6863,134.7281,129.3026,122.5569,141.0696,139.1863,118.55]","[0.5339,""NA"",""NA"",0.9787,""NA"",""NA"",""NA"",0.0917]","[1.05,1,1,1.75,1,1,1,1.4]"
34,9,"Ein berühmter Maler hat sich selbst ein Ohr abgeschnitten. ","ID_34_9","v1","[[142.5,252.5,384,384],[252.5,318.5,384,384],[318.5,362.5,384,384],[362.5,417.5,384,384],[417.5,494.5,384,384],[494.5,538.5,384,384],[538.5,582.5,384,384],[582.5,742,384,384]]","[2,3,4,5,6,7,8,9]","[""berühmter"",""Maler"",""hat"",""sich"",""selbst"",""ein"",""Ohr"",""abgeschnitten""]","[9,5,3,4,6,3,3,14]","[2.0828,2.2601,5.0598,4.9203,4.1014,5.269,2.8779,2.3802]","[0,0.0471,0.3059,0.0353,0.1412,0.0706,0.2235,0.8824]","[135.5063,133.5467,133.7059,134.2902,128.3529,122.2627,141.0209,123.3204]","[0.2365,0.5201,""NA"",""NA"",0.8162,""NA"",""NA"",0.0031]","[1.8,1,1,1,1.55,1,1,1.95]"
35,9,"Das Pferd ist seinem Reiter auf den Fuß getreten. ","ID_35_9","v1","[[142.5,208.5,384,384],[208.5,252.5,384,384],[252.5,329.5,384,384],[329.5,406.5,384,384],[406.5,450.5,384,384],[450.5,494.5,384,384],[494.5,538.5,384,384],[538.5,643,384,384]]","[2,3,4,5,6,7,8,9]","[""Pferd"",""ist"",""seinem"",""Reiter"",""auf"",""den"",""Fuß"",""getreten""]","[5,3,6,6,3,3,3,9]","[3.1048,5.6767,3.7476,2.1106,5.1189,5.163,3.1717,2.5441]","[0,0.2,0,0.4118,0.0118,0.2,0.2706,0.7529]","[137.1043,114.8797,132.415,127.432,140.6131,143.4627,144.3856,119.6553]","[0.7847,""NA"",0.2119,0.2058,""NA"",""NA"",""NA"",0.3813]","[1.85,1,1.05,1,1,1,1,1.85]"
36,7,"Kein einziges Tor fiel im gestrigen Spiel. ","ID_36_7","v1","[[153.5,252.5,384,384],[252.5,296.5,384,384],[296.5,351.5,384,384],[351.5,384.5,384,384],[384.5,494.5,384,384],[494.5,566,384,384]]","[2,3,4,5,6,7]","[""einziges"",""Tor"",""fiel"",""im"",""gestrigen"",""Spiel""]","[8,3,4,2,9,6]","[2.7505,3.092,3.0103,4.7586,1.8325,3.7208]","[0,0,0.0471,0.0824,0,0.5647]","[126.9863,130.5451,118.102,135.8078,132.8379,120.0824]","[0.0668,""NA"",""NA"",""NA"",0.1952,0.5646]","[1.6,1,1,1,1.9,1.15]"
37,9,"Der Skandal hat dem Ruf des Politikers deutlich geschadet. ","ID_37_9","v2","[[142.5,230.5,384,384],[230.5,274.5,384,384],[274.5,318.5,384,384],[318.5,362.5,384,384],[362.5,406.5,384,384],[406.5,527.5,384,384],[527.5,626.5,384,384],[626.5,742,384,384]]","[2,3,4,5,6,7,8,9]","[""Skandal"",""hat"",""dem"",""Ruf"",""des"",""Politikers"",""deutlich"",""geschadet""]","[7,3,3,3,3,10,8,10]","[2.1875,5.0598,4.875,3.3077,4.4516,0.8451,2.8,1.8865]","[0,0.0471,0.0235,0.0235,0.6118,0.1765,0,0.8588]","[141.3619,133.7059,155.5216,143.4444,141.3124,122.4435,127.1794,128.4278]","[0.8813,""NA"",""NA"",""NA"",""NA"",0.4636,0.4204,0.3714]","[2.05,1,1,1,1,2.7,1.9,2.2]"
38,7,"Als Kapitalanlage ist Gold nicht zu empfehlen. ","ID_38_7","v2","[[142.5,296.5,384,384],[296.5,340.5,384,384],[340.5,395.5,384,384],[395.5,461.5,384,384],[461.5,494.5,384,384],[494.5,610,384,384]]","[2,3,4,5,6,7]","[""Kapitalanlage"",""ist"",""Gold"",""nicht"",""zu"",""empfehlen""]","[13,3,4,5,2,10]","[0.6021,5.6767,3.1261,5.6257,5.3601,2.2695]","[0,0.0941,0.0118,0.2118,0.2471,0.5059]","[134.0796,114.8797,143.0049,131.8525,118.9471,130.029]","[0.7903,""NA"",""NA"",0.2879,""NA"",0.3068]","[4.75,1,1,1,1,2.05]"
39,9,"Markus klettert gern auf den alten Baum im Garten. ","ID_39_9","v2","[[175.5,274.5,384,384],[274.5,329.5,384,384],[329.5,373.5,384,384],[373.5,417.5,384,384],[417.5,483.5,384,384],[483.5,538.5,384,384],[538.5,571.5,384,384],[571.5,654,384,384]]","[2,3,4,5,6,7,8,9]","[""klettert"",""gern"",""auf"",""den"",""alten"",""Baum"",""im"",""Garten""]","[8,4,3,3,5,4,2,7]","[1.6812,3.8267,5.1189,5.163,3.5396,3.0082,4.7586,2.8681]","[0,0.1529,0.8471,0.0941,0,0.6706,0.1647,0.8235]","[122.0779,136.4157,140.6131,143.4627,124.0439,152.1853,135.8078,117.898]","[0.0975,""NA"",""NA"",""NA"",0.2879,""NA"",""NA"",0.2119]","[1.65,1,1,1,1,1,1,1]"
40,7,"Sarah hat ihrem Opa ein Bild gemalt. ","ID_40_7","v2","[[164.5,208.5,384,384],[208.5,274.5,384,384],[274.5,318.5,384,384],[318.5,362.5,384,384],[362.5,417.5,384,384],[417.5,500,384,384]]","[2,3,4,5,6,7]","[""hat"",""ihrem"",""Opa"",""ein"",""Bild"",""gemalt""]","[3,5,3,3,4,7]","[5.0598,3.6051,2.938,5.269,3.4123,2.4886]","[0.1977,0,0,0.3372,0.093,0.6512]","[133.7059,132.8525,155.3752,122.2627,140.3578,123.9317]","[""NA"",0.5646,""NA"",""NA"",""NA"",0.4883]","[1,1.55,1,1,1.05,1.55]"
41,7,"Medizinisch gesehen ist das Herz ein Hohlmuskel. ","ID_41_7","v2","[[230.5,318.5,384,384],[318.5,362.5,384,384],[362.5,406.5,384,384],[406.5,461.5,384,384],[461.5,505.5,384,384],[505.5,632,384,384]]","[2,3,4,5,6,7]","[""gesehen"",""ist"",""das"",""Herz"",""ein"",""Hohlmuskel""]","[7,3,3,4,3,11]","[4.2184,5.6767,5.5145,3.6443,5.269,0]","[0.7143,0.631,0.1429,0.0595,0.3571,0.0238]","[140.3289,114.8797,141.2889,134.2696,122.2627,129.3362]","[0.3605,""NA"",""NA"",""NA"",""NA"",0.4937]","[1.45,1,1,1,1,4.5]"
42,7,"Jede Sprache der Welt besitzt eine Grammatik. ","ID_42_7","v2","[[153.5,241.5,384,384],[241.5,285.5,384,384],[285.5,340.5,384,384],[340.5,428.5,384,384],[428.5,483.5,384,384],[483.5,599,384,384]]","[2,3,4,5,6,7]","[""Sprache"",""der"",""Welt"",""besitzt"",""eine"",""Grammatik""]","[7,3,4,7,4,10]","[2.9405,5.3728,4.0785,2.7193,5.0745,1.2041]","[0.0118,0.0588,0.6353,0,0.2118,0.0588]","[140.2616,134.7281,131.5971,123.8969,124.5343,128.3541]","[0.1108,""NA"",""NA"",0.4885,""NA"",0.7919]","[1.6,1,1,1.8,1,3.7]"
43,7,"Unsere Küche müßte dringend neu gestrichen werden. ","ID_43_7","v2","[[175.5,241.5,384,384],[241.5,307.5,384,384],[307.5,406.5,384,384],[406.5,450.5,384,384],[450.5,571.5,384,384],[571.5,654,384,384]]","[2,3,4,5,6,7]","[""Küche"",""müßte"",""dringend"",""neu"",""gestrichen"",""werden""]","[5,5,8,3,10,7]","[3.0962,3.2548,2.8943,3.3101,2.4166,4.69]","[0,0.0235,0.0706,0.0353,0.3294,1]","[143.2173,145.2565,139.0691,129.2275,129.2588,121.7882]","[0.9311,0.9849,0.3813,""NA"",0.0899,0.144]","[1.65,1.4,1.75,1,1.8,1]"
44,8,"Der Politiker reagierte auf keine Frage der Journalisten. ","ID_44_8","v2","[[142.5,252.5,384,384],[252.5,362.5,384,384],[362.5,406.5,384,384],[406.5,472.5,384,384],[472.5,538.5,384,384],[538.5,582.5,384,384],[582.5,731,384,384]]","[2,3,4,5,6,7,8]","[""Politiker"",""reagierte"",""auf"",""keine"",""Frage"",""der"",""Journalisten""]","[9,9,3,5,5,3,13]","[2.4346,1.7076,5.1189,4.6341,3.7415,5.3728,2.017]","[0,0,0.3721,0.0233,0.2326,0.2907,0.186]","[121.9525,125.6902,140.6131,129.8745,137.3035,134.7281,115.6959]","[0.4615,0.204,""NA"",0.2879,0.479,""NA"",0.2699]","[2.35,1.95,1,1,1.3,1,2.95]"
45,9,"Die Insel ist nur mit dem Flugzeug zu erreichen. ","ID_45_9","v2","[[142.5,208.5,384,384],[208.5,252.5,384,384],[252.5,296.5,384,384],[296.5,340.5,384,384],[340.5,384.5,384,384],[384.5,483.5,384,384],[483.5,516.5,384,384],[516.5,632,384,384]]","[2,3,4,5,6,7,8,9]","[""Insel"",""ist"",""nur"",""mit"",""dem"",""Flugzeug"",""zu"",""erreichen""]","[5,3,3,3,3,8,2,10]","[3.3008,5.6767,4.9071,5.1841,4.875,3.3355,5.3601,3.2403]","[0,0.2442,0.0233,0.1163,0.314,0.0349,0.8953,0.9884]","[123.1357,114.8797,121.1477,129.0889,155.5216,136.4451,118.9471,115.1878]","[0.9849,""NA"",""NA"",""NA"",""NA"",0.4868,""NA"",0.1769]","[1.75,1,1,1,1,2,1,1.7]"
46,8,"Es sollte mehr Strom mit Solarenergie erzeugt werden. ","ID_46_8","v2","[[131.5,208.5,384,384],[208.5,263.5,384,384],[263.5,329.5,384,384],[329.5,373.5,384,384],[373.5,516.5,384,384],[516.5,604.5,384,384],[604.5,687,384,384]]","[2,3,4,5,6,7,8]","[""sollte"",""mehr"",""Strom"",""mit"",""Solarenergie"",""erzeugt"",""werden""]","[6,4,5,3,12,7,7]","[4.1917,4.6383,2.8519,5.1841,1.0792,2.2201,4.69]","[0,0.0235,0,0,0.0824,0.4824,0.9882]","[119.9059,149.8431,137.7286,129.0889,129.4912,128.1776,121.7882]","[0.144,""NA"",0.8273,""NA"",0.9284,0.3605,0.144]","[1,1,1.65,1,4.45,1.8,1]"
47,8,"Die monotone Arbeit machte den Angestellten keinen Spaß. ","ID_47_8","v2","[[142.5,241.5,384,384],[241.5,318.5,384,384],[318.5,395.5,384,384],[395.5,439.5,384,384],[439.5,582.5,384,384],[582.5,659.5,384,384],[659.5,720,384,384]]","[2,3,4,5,6,7,8]","[""monotone"",""Arbeit"",""machte"",""den"",""Angestellten"",""keinen"",""Spaß""]","[8,6,6,3,12,6,5]","[0.301,3.9824,3.4275,5.163,2.3838,4.1838,3.6986]","[0,0.1294,0.0588,0.0471,0.0941,0.3176,0.7882]","[133.5088,130.3928,136.451,143.4627,131.2784,130.4477,135.3835]","[1,0.9897,0.144,""NA"",0.0631,0.144,0.9927]","[2.65,1.7,1,1,2.1,1,1.25]"
48,9,"In dem kleinen Zimmer standen viel zu viele Möbel. ","ID_48_9","v2","[[131.5,175.5,384,384],[175.5,263.5,384,384],[263.5,340.5,384,384],[340.5,428.5,384,384],[428.5,483.5,384,384],[483.5,516.5,384,384],[516.5,582.5,384,384],[582.5,654,384,384]]","[2,3,4,5,6,7,8,9]","[""dem"",""kleinen"",""Zimmer"",""standen"",""viel"",""zu"",""viele"",""Möbel""]","[3,7,6,7,4,2,5,6]","[4.875,3.656,3.6769,2.6149,4.3869,5.3601,4.019,2.3263]","[0.0119,0.0476,0.0238,0,0.0238,0.2738,0.4524,0.631]","[155.5216,127.3305,138.1497,133.9277,112.0353,118.9471,115.898,129.1987]","[""NA"",0.0954,0.2646,0.1715,""NA"",""NA"",0.365,0.9849]","[1,1.4,1.25,1.45,1,1,1,1.85]"
49,9,"Das Fenster im Flur klemmt seit ein paar Tagen. ","ID_49_9","v2","[[142.5,230.5,384,384],[230.5,263.5,384,384],[263.5,318.5,384,384],[318.5,395.5,384,384],[395.5,450.5,384,384],[450.5,494.5,384,384],[494.5,549.5,384,384],[549.5,621,384,384]]","[2,3,4,5,6,7,8,9]","[""Fenster"",""im"",""Flur"",""klemmt"",""seit"",""ein"",""paar"",""Tagen""]","[7,2,4,6,4,3,4,6]","[3.329,4.7586,2.5391,2.2304,3.9332,5.269,4.1455,3.4551]","[0,0.0595,0.0714,0,0.0714,0,0.6905,0.6905]","[132.2515,135.8078,120.4118,140.8569,118.9971,122.2627,135.6873,127.2124]","[0.3605,""NA"",""NA"",0.3558,""NA"",""NA"",""NA"",0.2879]","[1.7,1,1.15,1.7,1,1,1.35,1]"
50,9,"Die Sekretärin informierte den Kanzler erst am nächsten Morgen. ","ID_50_9","v2","[[142.5,263.5,384,384],[263.5,395.5,384,384],[395.5,439.5,384,384],[439.5,527.5,384,384],[527.5,582.5,384,384],[582.5,615.5,384,384],[615.5,714.5,384,384],[714.5,797,384,384]]","[2,3,4,5,6,7,8,9]","[""Sekretärin"",""informierte"",""den"",""Kanzler"",""erst"",""am"",""nächsten"",""Morgen""]","[10,11,3,7,4,2,8,7]","[2.4472,1.699,5.163,2.3181,3.9049,4.3613,3.5832,3.9325]","[0,0,0.5176,0,0,0.1412,0.3529,0.0706]","[129.8122,123.4763,143.4627,128.2583,120.2431,150.3843,132.7789,128.6549]","[0.671,0.0568,""NA"",0.8193,""NA"",""NA"",0.1164,0.2448]","[2.9,1.75,1,1.9,1,1,1.55,1]"
51,9,"Vielleicht gibt es bald im Dezember Ostereier zu kaufen. ","ID_51_9","v2","[[219.5,274.5,384,384],[274.5,307.5,384,384],[307.5,362.5,384,384],[362.5,395.5,384,384],[395.5,494.5,384,384],[494.5,604.5,384,384],[604.5,637.5,384,384],[637.5,720,384,384]]","[2,3,4,5,6,7,8,9]","[""gibt"",""es"",""bald"",""im"",""Dezember"",""Ostereier"",""zu"",""kaufen""]","[4,2,4,2,8,9,2,7]","[4.4259,5.4176,3.7711,4.7586,2.243,0.699,5.3601,3.436]","[0.0471,0.9176,0.0706,0,0,0,0.4471,0.3765]","[138.1078,129.1059,141.599,135.8078,139.4725,123.8523,118.9471,119.6768]","[""NA"",""NA"",""NA"",""NA"",0.9837,0.9948,""NA"",0.1952]","[1,1,1.45,1,2.55,2.95,1,1.2]"
52,10,"Das kleine Unternehmen konnte sich die teure Maschine nicht leisten. ","ID_52_10","v2","[[142.5,219.5,384,384],[219.5,351.5,384,384],[351.5,428.5,384,384],[428.5,483.5,384,384],[483.5,527.5,384,384],[527.5,593.5,384,384],[593.5,692.5,384,384],[692.5,758.5,384,384],[758.5,852,384,384]]","[2,3,4,5,6,7,8,9,10]","[""kleine"",""Unternehmen"",""konnte"",""sich"",""die"",""teure"",""Maschine"",""nicht"",""leisten""]","[6,11,6,4,3,5,8,5,8]","[3.7505,2.4928,3.9225,4.9203,5.5136,2.1038,3.0917,5.6257,3.0983]","[0.0357,0,0.0833,0.4167,0.0238,0,0.2262,0.9167,0.9286]","[126.3333,136.246,132.1967,134.2902,133.0667,121.6957,135.6544,131.8525,110.8142]","[0.2119,0.0568,0.2798,""NA"",""NA"",0.5201,0.5289,0.2879,0.0954]","[1.35,1.7,1,1,1,1.4,1.75,1,1.25]"
53,6,"Der Franzose gewann gegen den Belgier. ","ID_53_6","v2","[[142.5,241.5,384,384],[241.5,318.5,384,384],[318.5,384.5,384,384],[384.5,428.5,384,384],[428.5,522,384,384]]","[2,3,4,5,6]","[""Franzose"",""gewann"",""gegen"",""den"",""Belgier""]","[8,6,5,3,8]","[2.1303,2.3674,3.9526,5.163,1.4314]","[0,0,0,0.7412,0.0118]","[126.9995,141.5967,148.7584,143.4627,122.0799]","[0.8338,0.9885,0.2879,""NA"",0.9233]","[2.6,1.85,1,1,1.9]"
54,9,"Jan hat sich zum dritten mal die Schulter ausgekugelt. ","ID_54_9","v2","[[142.5,186.5,384,384],[186.5,241.5,384,384],[241.5,285.5,384,384],[285.5,373.5,384,384],[417.5,461.5,384,384],[461.5,560.5,384,384],[560.5,698,384,384]]","[2,3,4,5,7,8,9]","[""hat"",""sich"",""zum"",""dritten"",""die"",""Schulter"",""ausgekugelt""]","[3,4,3,7,3,8,12]","[5.0598,4.9203,4.5244,2.7419,5.5136,2.7566,1.2304]","[0.2118,0.0706,0,0.0235,0.0353,0.0235,0.1529]","[133.7059,134.2902,135.7948,124.4179,133.0667,128.0961,127.284]","[""NA"",""NA"",""NA"",0.0917,""NA"",0.3813,0.2737]","[1,1,1,1.3,1,1.6,2.8]"
55,10,"Der Bischof erschien mit seinem neuen Sekretär auf der Konferenz. ","ID_55_10","v2","[[142.5,230.5,384,384],[230.5,329.5,384,384],[329.5,373.5,384,384],[373.5,450.5,384,384],[450.5,516.5,384,384],[516.5,615.5,384,384],[615.5,659.5,384,384],[659.5,703.5,384,384],[703.5,819,384,384]]","[2,3,4,5,6,7,8,9,10]","[""Bischof"",""erschien"",""mit"",""seinem"",""neuen"",""Sekretär"",""auf"",""der"",""Konferenz""]","[7,8,3,6,5,8,3,3,10]","[2.2279,2.3784,5.1841,3.7476,3.6082,1.9031,5.1189,5.3728,2.301]","[0,0,0.0588,0.2588,0.0353,0.0235,0.1294,0.5529,0.0824]","[134.786,125.3809,129.0889,132.415,130.469,132.8353,140.6131,134.7281,121.8424]","[0.9597,0.2928,""NA"",0.2119,0.5339,1,""NA"",""NA"",0.7751]","[2.6,1.6,1,1.05,1.4,2.45,1,1,2.65]"
56,7,"Das Schicksal führte die Freunde wieder zusammen. ","ID_56_7","v2","[[142.5,252.5,384,384],[252.5,329.5,384,384],[329.5,373.5,384,384],[373.5,461.5,384,384],[461.5,538.5,384,384],[538.5,643,384,384]]","[2,3,4,5,6,7]","[""Schicksal"",""führte"",""die"",""Freunde"",""wieder"",""zusammen""]","[9,6,3,7,6,9]","[3.2851,2.7364,5.5136,3.8472,4.6018,4.0477]","[0,0,0.1494,0.0115,0.2069,0.9195]","[130.6545,130.1915,133.0667,133.5367,130.6824,126.2458]","[0.4615,0.2646,""NA"",0.0954,0.2039,0.4563]","[1.85,1.4,1,1.4,1.1,1.85]"
57,6,"Vor Gericht wurde die Situation nachgestellt. ","ID_57_6","v2","[[142.5,230.5,384,384],[230.5,296.5,384,384],[296.5,340.5,384,384],[340.5,450.5,384,384],[450.5,599,384,384]]","[2,3,4,5,6]","[""Gericht"",""wurde"",""die"",""Situation"",""nachgestellt""]","[7,5,3,9,13]","[3.0554,4.3525,5.5136,3.2248,1.2553]","[0,0.0116,0.0814,0,0]","[128.0745,134.7278,133.0667,124.3952,121.9056]","[0.0577,0.3663,""NA"",0.7373,0.1827]","[1.4,1,1,2.3,2.95]"
58,6,"Das Wetter im September spielte verrückt. ","ID_58_6","v2","[[142.5,219.5,384,384],[219.5,252.5,384,384],[252.5,362.5,384,384],[362.5,450.5,384,384],[450.5,555,384,384]]","[2,3,4,5,6]","[""Wetter"",""im"",""September"",""spielte"",""verrückt""]","[6,2,9,7,9]","[2.791,4.7586,2.5717,2.8338,3.7989]","[0.0588,0,0,0,0.3647]","[128.6451,135.8078,143.1346,127.0067,112.7804]","[0.2039,""NA"",0.9948,0.0962,0.0668]","[1,1,3.35,1.65,1.15]"
59,8,"Die diesjährige Konferenz der Wissenschaftler dauerte vier Tage. ","ID_59_8","v2","[[142.5,274.5,384,384],[274.5,384.5,384,384],[384.5,428.5,384,384],[428.5,604.5,384,384],[604.5,692.5,384,384],[692.5,747.5,384,384],[747.5,808,384,384]]","[2,3,4,5,6,7,8]","[""diesjährige"",""Konferenz"",""der"",""Wissenschaftl"",""dauerte"",""vier"",""Tage""]","[11,9,3,15,7,4,5]","[1.5798,2.301,5.3728,2.692,2.3979,3.5702,3.6762]","[0.0119,0.0238,0.0833,0.0357,0,0.0119,0.6667]","[133.2695,135.3804,134.7281,""NA"",129.3546,111.6559,125.9922]","[0.1369,0.7751,""NA"",""NA"",0.1108,""NA"",0.5923]","[2.5,2.65,1,2.4,1.65,1,1]"
60,8,"Der Hirte wanderte mehrere Kilometer durch die Wüste. ","ID_60_8","v2","[[142.5,208.5,384,384],[208.5,307.5,384,384],[307.5,395.5,384,384],[395.5,505.5,384,384],[505.5,571.5,384,384],[571.5,615.5,384,384],[615.5,687,384,384]]","[2,3,4,5,6,7,8]","[""Hirte"",""wanderte"",""mehrere"",""Kilometer"",""durch"",""die"",""Wüste""]","[5,8,7,9,5,3,6]","[1.8865,1.8062,2.8222,2.6618,4.1794,5.5136,2.8338]","[0,0.0118,0,0.2353,0.2,0.6353,0.0353]","[127.9961,132.7765,133.135,129.4749,133.3584,133.0667,120.734]","[0.6327,0.1164,0.6809,0.7621,0.7319,""NA"",0.5201]","[1.45,1.7,1.65,2.5,1.3,1,1.3]"
61,7,"Yvonne trat unglücklicherweise auf eine Tube Klebstoff. ","ID_61_7","v2","[[175.5,230.5,384,384],[230.5,439.5,384,384],[439.5,483.5,384,384],[483.5,538.5,384,384],[538.5,593.5,384,384],[593.5,709,384,384]]","[2,3,4,5,6,7]","[""trat"",""unglücklicher"",""auf"",""eine"",""Tube"",""Klebstoff""]","[4,18,3,4,4,10]","[2.3263,1.7993,5.1189,5.0745,1.5441,1.6721]","[0,0,0.1647,0.2588,0,0.0471]","[117.4225,""NA"",140.6131,124.5343,142.8353,124.0675]","[""NA"",""NA"",""NA"",""NA"",""NA"",0.9419]","[1,4.3,1,1,1,3.4]"
62,5,"Manuela reagiert auf Senf allergisch. ","ID_62_5","v2","[[186.5,285.5,384,384],[285.5,329.5,384,384],[329.5,384.5,384,384],[384.5,511,384,384]]","[2,3,4,5]","[""reagiert"",""auf"",""Senf"",""allergisch""]","[8,3,4,11]","[2.6902,5.1189,2.0934,2.2068]","[0,0.3012,0,0.6265]","[124.9828,140.6131,140.7608,118.0039]","[0.1879,""NA"",""NA"",0.4636]","[1.65,1,1.6,3]"
63,6,"Martins gebrochener Zeh schwoll rasch an. ","ID_63_6","v2","[[186.5,318.5,384,384],[318.5,362.5,384,384],[362.5,450.5,384,384],[450.5,516.5,384,384],[516.5,555,384,384]]","[2,3,4,5,6]","[""gebrochener"",""Zeh"",""schwoll"",""rasch"",""an""]","[11,3,7,5,3]","[1.301,2.238,1.0792,2.1818,4.9913]","[0,0.0118,0,0,0.9412]","[134.1355,145.1908,127.1154,127.2376,100.6092]","[0.0469,""NA"",0.682,0.9849,""NA""]","[2.15,1,1.9,1.3,1]"
64,11,"Der alte Kapitän goß stets ein wenig Rum in seinen Tee. ","ID_64_11","v2","[[142.5,197.5,384,384],[197.5,285.5,384,384],[285.5,329.5,384,384],[329.5,395.5,384,384],[395.5,439.5,384,384],[439.5,505.5,384,384],[505.5,549.5,384,384],[549.5,582.5,384,384],[582.5,659.5,384,384],[659.5,709,384,384]]","[2,3,4,5,6,7,8,9,10,11]","[""alte"",""Kapitän"",""goß"",""stets"",""ein"",""wenig"",""Rum"",""in"",""seinen"",""Tee""]","[4,7,3,5,3,5,3,2,6,4]","[3.5243,2.8573,1.2788,2.6138,5.269,3.7441,2.2253,5.2604,3.8876,3.1726]","[0.0118,0,0,0,0.0824,0.0353,0.3647,0.8,0.2235,0.5294]","[121.7265,139.6443,156.485,123.2753,122.2627,137.4227,156.5059,117.7196,126.3856,114.0353]","[""NA"",0.8813,""NA"",0.5339,""NA"",0.9311,""NA"",""NA"",0.144,""NA""]","[1,1.7,1.2,1.7,1,1.7,1,1,1,1]"
65,9,"Die schmale Öse ist zu klein für den Faden. ","ID_65_9","v2","[[142.5,230.5,384,384],[230.5,274.5,384,384],[274.5,318.5,384,384],[318.5,351.5,384,384],[351.5,417.5,384,384],[417.5,461.5,384,384],[461.5,505.5,384,384],[505.5,577,384,384]]","[2,3,4,5,6,7,8,9]","[""schmale"",""Öse"",""ist"",""zu"",""klein"",""für"",""den"",""Faden""]","[7,3,3,2,5,3,3,6]","[1.3424,0,5.6767,5.3601,3.2598,5.0261,5.163,2.1847]","[0,0,0.2738,0.3333,0.4881,0.7024,0.5833,0.4643]","[134.0779,146.498,114.8797,118.9471,125.3302,126.6536,143.4627,123.632]","[0.1276,""NA"",""NA"",""NA"",0.6327,""NA"",""NA"",0.3663]","[1.65,1.4,1,1,1.55,1,1,1.1]"
66,7,"Die Tänzer probten ihre Kür besonders intensiv. ","ID_66_7","v2","[[142.5,219.5,384,384],[219.5,307.5,384,384],[307.5,362.5,384,384],[362.5,406.5,384,384],[406.5,516.5,384,384],[516.5,621,384,384]]","[2,3,4,5,6,7]","[""Tänzer"",""probten"",""ihre"",""Kür"",""besonders"",""intensiv""]","[6,7,4,3,9,9]","[2.1903,1.3802,4.1595,0.9542,3.3235,2.1173]","[0,0,0.0471,0.0941,0.0118,0.2235]","[132.2765,135.6555,123.6931,140.3033,134.6283,109.7795]","[0.8162,0.5984,""NA"",""NA"",0.2515,0.6267]","[1.75,1.85,1,1.05,1.65,2.55]"
67,10,"Nach dem Streit schien alles wieder im Lot zu sein. ","ID_67_10","v2","[[153.5,197.5,384,384],[197.5,274.5,384,384],[274.5,351.5,384,384],[351.5,417.5,384,384],[417.5,494.5,384,384],[494.5,527.5,384,384],[527.5,571.5,384,384],[571.5,604.5,384,384],[604.5,665,384,384]]","[2,3,4,5,6,7,8,9,10]","[""dem"",""Streit"",""schien"",""alles"",""wieder"",""im"",""Lot"",""zu"",""sein""]","[3,6,6,5,6,2,3,2,5]","[4.875,2.934,2.8639,4.6264,4.6018,4.7586,1.7709,5.3601,4.8345]","[0.3529,0,0,0.4941,0.5529,0.0118,0.6824,0.9647,1]","[155.5216,123.3268,127.4314,128.7961,130.6824,135.8078,125.9765,118.9471,106.1773]","[""NA"",0.2798,0.3558,0.3175,0.2039,""NA"",""NA"",""NA"",0.5923]","[1,1.55,1.1,1,1.1,1,1,1,1]"
68,8,"Der frisch gekochte Brei war noch zu heiß. ","ID_68_8","v2","[[142.5,219.5,384,384],[219.5,318.5,384,384],[318.5,373.5,384,384],[373.5,417.5,384,384],[417.5,472.5,384,384],[472.5,505.5,384,384],[505.5,566,384,384]]","[2,3,4,5,6,7,8]","[""frisch"",""gekochte"",""Brei"",""war"",""noch"",""zu"",""heiß""]","[6,8,4,3,4,2,5]","[2.7846,1.415,2.1303,5.0288,4.9381,5.3601,3.2625]","[0,0.0353,0.0824,0.1882,0.1412,0.2706,0.8941]","[122.8902,137.8412,131.3843,140.6863,133.1422,118.9471,118.429]","[0.3558,0.1164,""NA"",""NA"",""NA"",""NA"",0.7323]","[1.65,1.7,1.25,1,1,1,1]"
69,7,"Die Schneiderin steckte die Naht sorgfältig ab. ","ID_69_7","v2","[[142.5,274.5,384,384],[274.5,362.5,384,384],[362.5,406.5,384,384],[406.5,461.5,384,384],[461.5,582.5,384,384],[582.5,621,384,384]]","[2,3,4,5,6,7]","[""Schneiderin"",""steckte"",""die"",""Naht"",""sorgfältig"",""ab""]","[11,7,3,4,10,3]","[1.415,2.4472,5.5136,1.6335,2.2227,4.2118]","[0,0.0233,0.2558,0.0465,0.0233,0.5]","[131.4021,126.9782,133.0667,146.9137,131.7584,109.7595]","[0.1369,0.1276,""NA"",""NA"",0.969,""NA""]","[2.45,1.65,1,1.1,3.7,1]"
70,8,"Auf dem höchsten Mast hielt der Pirat Wache. ","ID_70_8","v2","[[142.5,186.5,384,384],[186.5,285.5,384,384],[285.5,340.5,384,384],[340.5,406.5,384,384],[406.5,450.5,384,384],[450.5,516.5,384,384],[516.5,588,384,384]]","[2,3,4,5,6,7,8]","[""dem"",""höchsten"",""Mast"",""hielt"",""der"",""Pirat"",""Wache""]","[3,8,4,5,3,5,6]","[4.875,2.2553,1.6902,3.0554,5.3728,2.0969,2.7846]","[0.3256,0,0,0,0.2558,0,0.0233]","[155.5216,135.0186,140.7902,122.3882,134.7281,121.4392,123.5935]","[""NA"",0.0668,""NA"",0.6327,""NA"",0.7847,0.2879]","[1,1.65,1,1.55,1,1.85,1]"
71,8,"Claudia kann Salatsaucen mit viel Essig nicht ausstehen. ","ID_71_8","v2","[[186.5,241.5,384,384],[241.5,373.5,384,384],[373.5,417.5,384,384],[417.5,472.5,384,384],[472.5,538.5,384,384],[538.5,604.5,384,384],[604.5,720,384,384]]","[2,3,4,5,6,7,8]","[""kann"",""Salatsaucen"",""mit"",""viel"",""Essig"",""nicht"",""ausstehen""]","[4,11,3,4,5,5,10]","[4.8285,0,5.1841,4.3869,1.6628,5.6257,2.2765]","[0.0119,0,0.0238,0.0238,0.0833,0.619,0.1429]","[137.2853,128.862,129.0889,112.0353,141.2533,131.8525,121.111]","[""NA"",0.7208,""NA"",""NA"",0.9048,0.2879,0.0815]","[1,3.95,1,1,1.9,1,1.75]"
72,8,"Die Torte erwies sich als ein wahrer Leckerbissen. ","ID_72_8","v2","[[142.5,208.5,384,384],[208.5,285.5,384,384],[285.5,340.5,384,384],[340.5,384.5,384,384],[384.5,428.5,384,384],[428.5,505.5,384,384],[505.5,654,384,384]]","[2,3,4,5,6,7,8]","[""Torte"",""erwies"",""sich"",""als"",""ein"",""wahrer"",""Leckerbissen""]","[5,6,4,3,3,6,13]","[2.3502,1.5441,4.9203,4.772,5.269,2.4814,1.5682]","[0,0.0119,0.9643,0.9762,0.0476,0.0119,0.1071]","[127.7271,124.1974,134.2902,122.2562,122.2627,129.5784,122.3282]","[0.365,0.9389,""NA"",""NA"",""NA"",0.3121,0.4075]","[1,1.85,1,1,1,1.45,3.5]"
73,7,"Sie machten einen Spaziergang am Deich entlang. ","ID_73_7","v3","[[142.5,230.5,384,384],[230.5,296.5,384,384],[296.5,428.5,384,384],[428.5,461.5,384,384],[461.5,527.5,384,384],[527.5,621,384,384]]","[2,3,4,5,6,7]","[""machten"",""einen"",""Spaziergang"",""am"",""Deich"",""entlang""]","[7,5,11,2,5,8]","[3.0249,4.901,2.4232,4.3613,1,3.07]","[0.0118,0.3294,0.0941,0.0118,0,0.6118]","[136.0028,126.2902,140.0242,150.3843,134.7827,120.5824]","[5.0665e-009,0.2879,0.8463,""NA"",0.365,0.8193]","[1.15,1,3.6,1,1.3,2]"
74,7,"Ulf hat schon wieder eine Niete gezogen. ","ID_74_7","v3","[[142.5,186.5,384,384],[186.5,252.5,384,384],[252.5,329.5,384,384],[329.5,384.5,384,384],[384.5,450.5,384,384],[450.5,544,384,384]]","[2,3,4,5,6,7]","[""hat"",""schon"",""wieder"",""eine"",""Niete"",""gezogen""]","[3,5,6,4,5,8]","[5.0598,4.8195,4.6018,5.0745,2.017,2.9036]","[0.131,0.0119,0.2381,0.1786,0,0.8929]","[133.7059,131.8863,130.6824,124.5343,133.4024,128.0275]","[""NA"",0.479,0.2039,""NA"",0.5201,0.1108]","[1,1.05,1.1,1,1.35,1.55]"
75,7,"Der Giebel des alten Hauses drohte einzustürzen. ","ID_75_7","v3","[[142.5,219.5,384,384],[219.5,263.5,384,384],[263.5,329.5,384,384],[329.5,406.5,384,384],[406.5,483.5,384,384],[483.5,632,384,384]]","[2,3,4,5,6,7]","[""Giebel"",""des"",""alten"",""Hauses"",""drohte"",""einzustürzen""]","[6,3,5,6,6,13]","[0,4.4516,3.5396,2.5798,1.9031,0.301]","[0,0.5529,0.0235,0.7412,0.0118,0.5412]","[133.9275,141.3124,124.0439,137.1863,133.7235,116.4326]","[0.9985,""NA"",0.2879,0.3558,0.4883,0.1307]","[1.9,1,1,1.45,1.65,2.8]"
76,7,"Das Karamellbonbon blieb Julia am Gaumen kleben. ","ID_76_7","v3","[[142.5,307.5,384,384],[307.5,373.5,384,384],[373.5,439.5,384,384],[439.5,472.5,384,384],[472.5,549.5,384,384],[549.5,632,384,384]]","[2,3,4,5,6,7]","[""Karamellbonbo"",""blieb"",""Julia"",""am"",""Gaumen"",""kleben""]","[14,5,5,2,6,7]","[0.4771,2.8525,2.6571,4.3613,1.3222,2.1106]","[0,0,0,0.0941,0.3059,0.8588]","[""NA"",132.7263,118.1788,150.3843,142.9667,121.9821]","[""NA"",0.7319,0.7847,""NA"",0.9389,0.6506]","[5.5,1.75,1.45,1,1.7,1.7]"
77,7,"Tamara führte mit der Hebamme mehrere Gespräche. ","ID_77_7","v3","[[175.5,252.5,384,384],[252.5,296.5,384,384],[296.5,340.5,384,384],[340.5,428.5,384,384],[428.5,516.5,384,384],[516.5,632,384,384]]","[2,3,4,5,6,7]","[""führte"",""mit"",""der"",""Hebamme"",""mehrere"",""Gespräche""]","[6,3,3,7,7,10]","[2.7364,5.1841,5.3728,1.4914,2.8222,2.4249]","[0,0.0349,0.0581,0,0,0.3953]","[130.1915,129.0889,134.7281,153.8235,133.135,129.8078]","[0.2646,""NA"",""NA"",0.775,0.6809,0.2165]","[1.4,1,1,2.8,1.65,1.7]"
78,9,"Nach der Trauung wartete eine Kutsche vor der Kirche. ","ID_78_9","v3","[[153.5,197.5,384,384],[197.5,285.5,384,384],[285.5,373.5,384,384],[373.5,428.5,384,384],[428.5,516.5,384,384],[516.5,560.5,384,384],[560.5,604.5,384,384],[604.5,687,384,384]]","[2,3,4,5,6,7,8,9]","[""der"",""Trauung"",""wartete"",""eine"",""Kutsche"",""vor"",""der"",""Kirche""]","[3,7,7,4,7,3,3,7]","[5.3728,1.6902,2.5289,5.0745,2.3365,4.5422,5.3728,3.1287]","[0.2381,0,0,0.0357,0.1786,0.1429,0.9048,0.9762]","[134.7281,135.4056,125.5462,124.5343,134.1535,133.7752,134.7281,117.1445]","[""NA"",0.9233,0.0962,""NA"",0.1715,""NA"",""NA"",0.9389]","[1,2.2,1.5,1,1.65,1,1,1.8]"
79,8,"Robert ließ sich den Schinken in Scheiben schneiden. ","ID_79_8","v3","[[175.5,230.5,384,384],[230.5,285.5,384,384],[285.5,329.5,384,384],[329.5,428.5,384,384],[428.5,461.5,384,384],[461.5,560.5,384,384],[560.5,676,384,384]]","[2,3,4,5,6,7,8]","[""ließ"",""sich"",""den"",""Schinken"",""in"",""Scheiben"",""schneiden""]","[4,4,3,8,2,8,10]","[3.181,4.9203,5.163,2.3838,5.2604,2.0607,2.7292]","[0,0.4405,0.0357,0,0.0714,0.1905,0.9405]","[127.3373,134.2902,143.4627,136.2936,117.7196,137.2392,123.2212]","[""NA"",""NA"",""NA"",0.1879,""NA"",0.1164,0.0619]","[1,1,1,1.7,1,1.65,1.6]"
80,8,"Die Kinder hüpften auf der alten Matratze herum. ","ID_80_8","v3","[[142.5,219.5,384,384],[219.5,307.5,384,384],[307.5,351.5,384,384],[351.5,395.5,384,384],[395.5,461.5,384,384],[461.5,560.5,384,384],[560.5,632,384,384]]","[2,3,4,5,6,7,8]","[""Kinder"",""hüpften"",""auf"",""der"",""alten"",""Matratze"",""herum""]","[6,7,3,3,5,8,6]","[3.9833,0.6021,5.1189,5.3728,3.5396,2.0128,3.3422]","[0.0235,0,0.2471,0.3765,0.0118,0.2588,0.5529]","[135.1464,140.0622,140.6131,134.7281,124.0439,129.5701,120.3987]","[0.2448,0.5984,""NA"",""NA"",0.2879,0.9988,0.9849]","[1,1.9,1,1,1,2.65,1.6]"
81,8,"Laura stellte eine Schüssel Kirschen auf den Tisch. ","ID_81_8","v3","[[164.5,252.5,384,384],[252.5,307.5,384,384],[307.5,406.5,384,384],[406.5,505.5,384,384],[505.5,549.5,384,384],[549.5,593.5,384,384],[593.5,665,384,384]]","[2,3,4,5,6,7,8]","[""stellte"",""eine"",""Schüssel"",""Kirschen"",""auf"",""den"",""Tisch""]","[7,4,8,8,3,3,6]","[2.8363,5.0745,2.2765,1.6335,5.1189,5.163,3.3497]","[0,0.0353,0,0,0.9176,0.9529,0.9529]","[119.7311,124.5343,134.4074,130.3691,140.6131,143.4627,115.5614]","[0.1276,""NA"",0.3184,0.1879,""NA"",""NA"",0.5339]","[1.6,1,1.65,1.75,1,1,1]"
82,5,"Das entscheidende Telefonat verzögerte sich. ","ID_82_5","v3","[[142.5,296.5,384,384],[296.5,406.5,384,384],[406.5,527.5,384,384],[527.5,588,384,384]]","[2,3,4,5]","[""entscheidende"",""Telefonat"",""verzögerte"",""sich""]","[13,9,10,5]","[1.8921,1.7243,1.1139,4.9203]","[0,0,0,0.7294]","[133.7732,129.6,126.6569,107.4322]","[0.0423,0.2165,0.1663,0.5923]","[2.1,2.15,2.25,1]"
83,6,"Mandy aß die Mandarine sofort auf. ","ID_83_6","v3","[[164.5,197.5,384,384],[197.5,241.5,384,384],[241.5,351.5,384,384],[351.5,428.5,384,384],[428.5,478,384,384]]","[2,3,4,5,6]","[""aß"",""die"",""Mandarine"",""sofort"",""auf""]","[2,3,9,6,4]","[2.2878,5.5136,1.2788,3.894,5.1189]","[0,0.0238,0,0,0.7857]","[149.2627,133.0667,136.0959,122.7608,105.4598]","[""NA"",""NA"",0.7751,0.9831,""NA""]","[1,1,2.5,1.75,1]"
84,8,"Der Teppich mit dem Schnörkel gefiel Bettina nicht. ","ID_84_8","v3","[[142.5,230.5,384,384],[230.5,274.5,384,384],[274.5,318.5,384,384],[318.5,428.5,384,384],[428.5,505.5,384,384],[505.5,593.5,384,384],[593.5,665,384,384]]","[2,3,4,5,6,7,8]","[""Teppich"",""mit"",""dem"",""Schnörkel"",""gefiel"",""Bettina"",""nicht""]","[7,3,3,9,6,7,6]","[2.5289,5.1841,4.875,0.9542,2.6646,0.699,5.6257]","[0,0,0.4762,0,0.0119,0,0.1905]","[143.8263,129.0889,155.5216,135.3882,129.6078,130.6174,109.8771]","[0.9861,""NA"",""NA"",0.7764,0.8162,0.9597,0.2879]","[2.5,1,1,2.85,1.7,2.1,1]"
85,7,"Der majestätische Gletscher wurde schon oft bestiegen. ","ID_85_7","v3","[[142.5,296.5,384,384],[296.5,406.5,384,384],[406.5,472.5,384,384],[472.5,538.5,384,384],[538.5,582.5,384,384],[582.5,698,384,384]]","[2,3,4,5,6,7]","[""majestätische"",""Gletscher"",""wurde"",""schon"",""oft"",""bestiegen""]","[13,9,5,5,3,10]","[1.1139,1.2553,4.3525,4.8195,3.638,1.3424]","[0,0,0.0119,0.0476,0.1548,0.2976]","[130.2151,129.0261,134.7278,131.8863,124.7582,124.389]","[0.1707,0.417,0.3663,0.479,""NA"",0.1218]","[3.2,2.45,1,1.05,1,1.85]"
86,8,"Der Großvater fand in seinem Pantoffel eine Wäscheklammer. ","ID_86_8","v3","[[142.5,252.5,384,384],[252.5,307.5,384,384],[307.5,340.5,384,384],[340.5,417.5,384,384],[417.5,527.5,384,384],[527.5,582.5,384,384],[582.5,742,384,384]]","[2,3,4,5,6,7,8]","[""Großvater"",""fand"",""in"",""seinem"",""Pantoffel"",""eine"",""Wäscheklammer""]","[9,4,2,6,9,4,14]","[3.0191,3.4765,5.2604,3.7476,1.1139,5.0745,0.699]","[0,0,0.0814,0.1395,0,0.3721,0]","[129.2723,140.1559,117.7196,132.415,128.9089,124.5343,129.8994]","[0.3512,""NA"",""NA"",0.2119,0.9076,""NA"",0.5721]","[2,1,1,1.05,3.35,1,4.6]"
87,5,"Johannes wollte unbedingt Karussell fahren. ","ID_87_5","v3","[[197.5,274.5,384,384],[274.5,384.5,384,384],[384.5,494.5,384,384],[494.5,577,384,384]]","[2,3,4,5]","[""wollte"",""unbedingt"",""Karussell"",""fahren""]","[6,9,9,7]","[4.341,3.2721,1.5682,3.7389]","[0.0115,0.0115,0,0.9655]","[123.168,137.6837,126.1102,117.8258]","[0.2039,0.417,0.8391,0.1805]","[1,2.3,2.4,1.1]"
88,8,"Die Olympiade findet dieses Jahr in Australien statt. ","ID_88_8","v3","[[142.5,252.5,384,384],[252.5,329.5,384,384],[329.5,406.5,384,384],[406.5,461.5,384,384],[461.5,494.5,384,384],[494.5,615.5,384,384],[615.5,687,384,384]]","[2,3,4,5,6,7,8]","[""Olympiade"",""findet"",""dieses"",""Jahr"",""in"",""Australien"",""statt""]","[9,6,6,4,2,10,6]","[1.5682,3.3707,4.1104,3.7293,5.2604,2.4639,3.0759]","[0,0.131,0.1429,0.9167,0.869,0.119,0.9881]","[143.1682,129.7451,130.7124,129.6049,117.7196,124.4694,107.0549]","[0.5136,0.1976,0.2039,""NA"",""NA"",0.3346,0.8355]","[3.65,1.35,1.25,1.25,1,2.45,1.5]"
89,5,"Sonja kam als einzige pünktlich. ","ID_89_5","v3","[[164.5,208.5,384,384],[208.5,252.5,384,384],[252.5,340.5,384,384],[340.5,456,384,384]]","[2,3,4,5]","[""kam"",""als"",""Einzige"",""pünktlich""]","[3,3,7,10]","[3.9022,4.772,3.7039,2.5682]","[0.0116,0.0233,0,0.0349]","[150.668,122.2562,""NA"",123.4753]","[""NA"",""NA"",""NA"",0.3714]","[1,1,1.2,2.6]"
90,8,"Der alte Mann zog einen Karren zum Marktplatz. ","ID_90_8","v3","[[142.5,197.5,384,384],[197.5,252.5,384,384],[252.5,296.5,384,384],[296.5,362.5,384,384],[362.5,439.5,384,384],[439.5,483.5,384,384],[483.5,610,384,384]]","[2,3,4,5,6,7,8]","[""alte"",""Mann"",""zog"",""einen"",""Karren"",""zum"",""Marktplatz""]","[4,4,3,5,6,3,11]","[3.5243,4.5382,2.7796,4.901,1.716,4.5244,1.3979]","[0.0118,0.7765,0,0.0588,0.0706,0.0118,0]","[121.7265,146.8186,139.0275,126.2902,130.2359,135.7948,125.0357]","[""NA"",""NA"",""NA"",0.2879,0.1818,""NA"",0.4574]","[1,1,1,1,1.2,1,2.8]"
91,6,"Keiner wußte, was zu tun war. ","ID_91_6","v3","[[175.5,252.5,384,384],[252.5,296.5,384,384],[296.5,329.5,384,384],[329.5,373.5,384,384],[373.5,423,384,384]]","[2,3,4,5,6]","[""wußte"",""was"",""zu"",""tun"",""war""]","[6,3,2,3,4]","[3.8505,5.1261,5.3601,4.5288,5.0288]","[0.0233,0.1279,0.0116,0.5349,0.6977]","[120.1562,134.8588,118.9471,123.9948,105.5147]","[0.9048,""NA"",""NA"",""NA"",""NA""]","[1.4,1,1,1,1]"
92,8,"Heute morgen saß auf unserer Terrasse ein Frosch. ","ID_92_8","v3","[[164.5,241.5,384,384],[241.5,285.5,384,384],[285.5,329.5,384,384],[329.5,417.5,384,384],[417.5,516.5,384,384],[516.5,560.5,384,384],[560.5,643,384,384]]","[2,3,4,5,6,7,8]","[""morgen"",""saß"",""auf"",""unserer"",""Terrasse"",""ein"",""Frosch""]","[6,3,3,7,8,3,7]","[3.8981,2.8129,5.1189,3.6766,1.8808,5.269,2.3856]","[0.0238,0,0.0357,0,0.1429,0.8095,0]","[140.5784,141.7961,140.6131,122.8734,127.2662,122.2627,116.1933]","[0.2448,""NA"",""NA"",0.1276,0.5289,""NA"",0.6506]","[1.2,1,1,1.4,2.1,1,1.85]"
93,8,"Der Wandersmann bat den Wirt um etwas Wasser. ","ID_93_8","v3","[[142.5,274.5,384,384],[274.5,318.5,384,384],[318.5,362.5,384,384],[362.5,417.5,384,384],[417.5,450.5,384,384],[450.5,516.5,384,384],[516.5,599,384,384]]","[2,3,4,5,6,7,8]","[""Wandersmann"",""bat"",""den"",""Wirt"",""um"",""etwas"",""Wasser""]","[11,3,3,4,2,5,7]","[0,2.9101,5.163,2.0645,4.7868,4.6307,3.7491]","[0,0,0.4096,0.2169,0.9518,0.0843,0.3133]","[139.436,135.898,143.4627,123.9118,146.2549,130.3153,118.7798]","[0.44,""NA"",""NA"",""NA"",""NA"",0.6327,0.4883]","[3.35,1,1,1,1,1.25,1.15]"
94,8,"Seit gestern geht es dem Patienten deutlich besser. ","ID_94_8","v3","[[153.5,241.5,384,384],[241.5,296.5,384,384],[296.5,329.5,384,384],[329.5,373.5,384,384],[373.5,483.5,384,384],[483.5,582.5,384,384],[582.5,665,384,384]]","[2,3,4,5,6,7,8]","[""gestern"",""geht"",""es"",""dem"",""Patienten"",""deutlich"",""besser""]","[7,4,2,3,9,8,7]","[3.5715,4.4875,5.4176,4.875,3.0917,2.8,4.1452]","[0.1325,0.0361,0.2651,0.0482,0.2048,0,0.9759]","[131.3608,143.7696,129.1059,155.5216,127.2292,127.1794,117.3619]","[0.1276,""NA"",""NA"",""NA"",0.417,0.4204,0.2646]","[1.35,1,1,1,2.15,1.9,1.3]"
95,7,"Der Waffenstillstand hält seit fast vier Monaten. ","ID_95_7","v3","[[142.5,329.5,384,384],[329.5,384.5,384,384],[384.5,439.5,384,384],[439.5,494.5,384,384],[494.5,549.5,384,384],[549.5,643,384,384]]","[2,3,4,5,6,7]","[""Waffenstillst"",""hält"",""seit"",""fast"",""vier"",""Monaten""]","[16,4,4,4,4,8]","[2.0755,3.4535,3.9332,3.7284,3.5702,3.2835]","[0,0.0116,0.0349,0,0.0465,0.1395]","[""NA"",132.3176,118.9971,126.0245,111.6559,124.9784]","[""NA"",""NA"",""NA"",""NA"",""NA"",0.4885]","[6,1.35,1,1,1,1.65]"
96,6,"Freundlich zu sein kann nie schaden. ","ID_96_6","v3","[[219.5,252.5,384,384],[252.5,307.5,384,384],[307.5,362.5,384,384],[362.5,406.5,384,384],[406.5,500,384,384]]","[2,3,4,5,6]","[""zu"",""sein"",""kann"",""nie"",""schaden""]","[2,4,4,3,8]","[5.3601,4.8345,4.8285,4.4507,2.5911]","[0.0361,0.5301,0,0,0.3976]","[118.9471,132.7216,137.2853,122.2627,124.5877]","[""NA"",""NA"",""NA"",""NA"",0.2506]","[1,1,1,1,1.65]"
97,8,"Die Mutter gibt ihren Kindern jeden Montag Taschengeld. ","ID_97_8","v3","[[142.5,219.5,384,384],[219.5,274.5,384,384],[274.5,340.5,384,384],[340.5,428.5,384,384],[428.5,494.5,384,384],[494.5,571.5,384,384],[571.5,709,384,384]]","[2,3,4,5,6,7,8]","[""Mutter"",""gibt"",""ihren"",""Kindern"",""jeden"",""Montag"",""Taschengeld""]","[6,4,5,7,5,6,12]","[4.1585,4.4259,3.8252,3.17,3.8264,2.7952,1.8451]","[0.0349,0,0.1512,0.8488,0.0116,0,0.186]","[130.3582,138.1078,125.6173,134.8846,136.4345,145.3033,130.5647]","[0.2784,""NA"",0.3178,0.0954,0.322,0.9925,0.6379]","[1,1,1,1.35,1.4,1.8,3.65]"
98,7,"Jeder Vorschlag gilt, der rechtzeitig eingereicht wird. ","ID_98_7","v3","[[164.5,274.5,384,384],[274.5,340.5,384,384],[340.5,384.5,384,384],[384.5,516.5,384,384],[516.5,648.5,384,384],[648.5,709,384,384]]","[2,3,4,5,6,7]","[""Vorschlag"",""gilt"",""der"",""rechtzeitig"",""eingereicht"",""wird""]","[9,5,3,11,11,5]","[2.7966,2.9395,5.3728,2.7959,1.7993,4.7987]","[0,0,0.119,0.0476,0.3214,0.7381]","[131.8017,107.5059,134.7281,124.0966,127.2,111.7263]","[0.2201,0.864,""NA"",0.327,0.1611,0.5923]","[1.8,1,1,2.8,2.45,1]"
99,9,"Ich weiß nicht, ob wir uns noch sehen werden. ","ID_99_9","v3","[[142.5,197.5,384,384],[197.5,274.5,384,384],[274.5,307.5,384,384],[307.5,351.5,384,384],[351.5,395.5,384,384],[395.5,450.5,384,384],[450.5,516.5,384,384],[516.5,599,384,384]]","[2,3,4,5,6,7,8,9]","[""weiß"",""nicht"",""ob"",""wir"",""uns"",""noch"",""sehen"",""werden""]","[4,6,2,3,3,4,5,7]","[4.7028,5.6257,4.1393,5.2201,4.921,4.9381,4.4925,4.69]","[0,0.4884,0.4419,0,0.1163,0.1395,0.186,0.6395]","[136.7892,109.8771,144.5412,118.5569,127.732,133.1422,135.4125,121.7882]","[""NA"",0.2879,""NA"",""NA"",""NA"",""NA"",0.2879,0.144]","[1,1,1,1,1,1,1,1]"
100,7,"Die meisten Kinder gehen gerne zur Schule. ","ID_100_7","v3","[[142.5,230.5,384,384],[230.5,307.5,384,384],[307.5,373.5,384,384],[373.5,439.5,384,384],[439.5,483.5,384,384],[483.5,566,384,384]]","[2,3,4,5,6,7]","[""meisten"",""Kinder"",""gehen"",""gerne"",""zur"",""Schule""]","[7,6,5,5,3,7]","[3.3869,3.9833,4.4928,3.7193,4.2521,3.6949]","[0.012,0.0964,0.0964,0.1205,0.2289,0.9639]","[130.0202,135.1464,144.818,135.4024,115.0013,119.8919]","[0.0917,0.2448,0.2879,0.365,""NA"",0.2448]","[1.25,1,1,1.2,1,1]"
101,6,"Viele Kinder lesen nur noch selten. ","ID_101_6","v3","[[164.5,241.5,384,384],[241.5,307.5,384,384],[307.5,351.5,384,384],[351.5,406.5,384,384],[406.5,489,384,384]]","[2,3,4,5,6]","[""Kinder"",""lesen"",""nur"",""noch"",""selten""]","[6,5,3,4,7]","[3.9833,3.3047,4.9071,4.9381,2.8299]","[0.0465,0.0116,0.0116,0.1047,0.0581]","[135.1464,126.3004,121.1477,133.1422,112.0555]","[0.2448,0.4095,""NA"",""NA"",0.2646]","[1,1,1,1,1.4]"
102,8,"Die Journalisten fragen den Bürgermeister nach seiner Meinung. ","ID_102_8","v3","[[142.5,285.5,384,384],[285.5,362.5,384,384],[362.5,406.5,384,384],[406.5,560.5,384,384],[560.5,615.5,384,384],[615.5,692.5,384,384],[692.5,786,384,384]]","[2,3,4,5,6,7,8]","[""Journalisten"",""fragen"",""den"",""Bürgermeister"",""nach"",""seiner"",""Meinung""]","[12,6,3,13,4,6,8]","[2.017,3.7096,5.163,2.9805,4.6686,3.7752,3.3718]","[0,0.0588,0.2353,0.0118,0.6824,0.0941,0.2706]","[125.3373,134.5412,143.4627,133.1451,133.8824,122.0183,127.952]","[0.2699,0.1805,""NA"",0.1582,""NA"",0.144,0.682]","[2.95,1.1,1,2.55,1,1,1.8]"
103,7,"Kevin und Marie spielen oft im Garten. ","ID_103_7","v3","[[164.5,208.5,384,384],[208.5,274.5,384,384],[274.5,362.5,384,384],[362.5,406.5,384,384],[406.5,439.5,384,384],[439.5,522,384,384]]","[2,3,4,5,6,7]","[""und"",""Marie"",""spielen"",""oft"",""im"",""Garten""]","[3,5,7,3,2,7]","[5.4068,2.6304,3.749,3.638,4.7586,2.8681]","[0.0588,0.0118,0.0353,0.0471,0.1647,0.4588]","[140.6863,132.2463,129.53,124.7582,135.8078,117.898]","[""NA"",0.479,0.2506,""NA"",""NA"",0.2119]","[1,1,1.4,1,1,1]"
104,7,"Die Geschworenen glauben dem Beklagten bestimmt alles. ","ID_104_7","v3","[[142.5,285.5,384,384],[285.5,373.5,384,384],[373.5,417.5,384,384],[417.5,527.5,384,384],[527.5,626.5,384,384],[626.5,698,384,384]]","[2,3,4,5,6,7]","[""Geschworenen"",""glauben"",""dem"",""Beklagten"",""bestimmt"",""alles""]","[12,7,3,9,8,6]","[2.3032,3.8781,4.875,0.8451,3.6888,4.6264]","[0,0.0235,0.2118,0,0,0.0118]","[134.1405,137.4633,155.5216,140.183,136.3353,107.3301]","[0.0726,0.1715,""NA"",0.2365,0.1879,0.3175]","[2.25,1.6,1,1.85,1.7,1]"
105,10,"Am Besten stellen wir das Klavier nicht direkt ans Fenster. ","ID_105_10","v3","[[131.5,208.5,384,384],[208.5,296.5,384,384],[296.5,340.5,384,384],[340.5,384.5,384,384],[384.5,472.5,384,384],[472.5,538.5,384,384],[538.5,615.5,384,384],[615.5,659.5,384,384],[659.5,753,384,384]]","[2,3,4,5,6,7,8,9,10]","[""besten"",""stellen"",""wir"",""das"",""Klavier"",""nicht"",""direkt"",""ans"",""Fenster""]","[6,7,3,3,7,5,6,3,8]","[2.7839,3.5097,5.2201,5.5145,2.4548,5.6257,3.4706,3.1987,3.329]","[0.0588,0,0.4706,0.0941,0.0118,0,0,0.1529,0.9059]","[""NA"",122.2543,118.5569,141.2889,127.8599,131.8525,128.866,130.485,115.7201]","[""NA"",0.1108,""NA"",""NA"",0.8813,0.2879,0.9985,""NA"",0.3605]","[1,1.5,1,1,2,1,1.8,1,1.7]"
106,7,"Meistens wünschen Kinder sich Spielzeug zu Weihnachten. ","ID_106_7","v3","[[197.5,296.5,384,384],[296.5,373.5,384,384],[373.5,428.5,384,384],[428.5,538.5,384,384],[538.5,571.5,384,384],[571.5,709,384,384]]","[2,3,4,5,6,7]","[""wünschen"",""Kinder"",""sich"",""Spielzeug"",""zu"",""Weihnachten""]","[8,6,4,9,2,12]","[2.9415,3.9833,4.9203,2.5575,5.3601,3.1408]","[0,0,0.8706,0.0353,0.2471,0.8118]","[135.5946,135.1464,134.2902,136.2658,118.9471,125.9585]","[0.2922,0.2448,""NA"",0.3512,""NA"",0.475]","[1.65,1,1,2.3,1,2.8]"
107,6,"Einige Häftlinge sprechen nicht gern miteinander. ","ID_107_6","v3","[[175.5,285.5,384,384],[285.5,384.5,384,384],[384.5,450.5,384,384],[450.5,505.5,384,384],[505.5,643,384,384]]","[2,3,4,5,6]","[""Häftlinge"",""sprechen"",""nicht"",""gern"",""miteinander""]","[9,8,5,4,12]","[2.0086,3.8951,5.6257,3.8267,3.1781]","[0,0,0.2644,0.0345,0.023]","[136.6458,134.2505,131.8525,136.4157,121.6722]","[0.7216,0.0975,0.2879,""NA"",0.2514]","[2.3,1.45,1,1,2.35]"
108,7,"Nur wenige Menschen brauchen ein Handy wirklich. ","ID_108_7","v3","[[142.5,219.5,384,384],[219.5,318.5,384,384],[318.5,417.5,384,384],[417.5,461.5,384,384],[461.5,527.5,384,384],[527.5,632,384,384]]","[2,3,4,5,6,7]","[""wenige"",""Menschen"",""brauchen"",""ein"",""Handy"",""wirklich""]","[6,8,8,3,5,9]","[2.7093,4.0549,3.9859,5.269,3.1775,4.4254]","[0.0482,0.3253,0,0.0482,0.0241,0.0843]","[136.4105,139.5618,132.2216,122.2627,151.8267,113.9813]","[0.2784,0.2928,0.0318,""NA"",0.5201,0.3184]","[1.45,1.6,1.55,1,1,1.3]"
109,6,"Einige der Angestellten arbeiten nur vormittags. ","ID_109_6","v4","[[175.5,219.5,384,384],[219.5,362.5,384,384],[362.5,461.5,384,384],[461.5,505.5,384,384],[505.5,632,384,384]]","[2,3,4,5,6]","[""der"",""Angestellten"",""arbeiten"",""nur"",""vormittags""]","[3,12,8,3,11]","[5.3728,2.3838,3.7548,4.9071,1.1139]","[0.0805,0,0.046,0.1149,0.0345]","[134.7281,131.2784,126.6176,121.1477,119.4221]","[""NA"",0.0631,0.1164,""NA"",0.7152]","[1,2.1,1.55,1,3.4]"
110,9,"Die Spieler hoffen, daß sie ihre Gegner schlagen werden. ","ID_110_9","v4","[[142.5,230.5,384,384],[230.5,318.5,384,384],[318.5,362.5,384,384],[362.5,406.5,384,384],[406.5,461.5,384,384],[461.5,538.5,384,384],[538.5,637.5,384,384],[637.5,720,384,384]]","[2,3,4,5,6,7,8,9]","[""Spieler"",""hoffen"",""daß"",""sie"",""ihre"",""Gegner"",""schlagen"",""werden""]","[7,7,3,3,4,6,8,7]","[2.7308,2.9063,5.0908,5.2997,4.1595,2.8543,3.2695,4.69]","[0,0,0.6824,0.6588,0.0118,0.0471,0.2471,0.4235]","[131.6739,120.7165,154.7503,120.1124,123.6931,141.0601,134.5324,121.7882]","[0.1715,0.3558,""NA"",""NA"",""NA"",0.9389,0.0975,0.144]","[1.4,1.5,1,1,1,1.6,1.55,1]"
111,10,"Ich bin nicht sicher, ob alle die Prüfung schaffen werden. ","ID_111_10","v4","[[142.5,186.5,384,384],[186.5,252.5,384,384],[252.5,340.5,384,384],[340.5,373.5,384,384],[373.5,428.5,384,384],[428.5,472.5,384,384],[472.5,560.5,384,384],[560.5,659.5,384,384],[659.5,742,384,384]]","[2,3,4,5,6,7,8,9,10]","[""bin"",""nicht"",""sicher"",""ob"",""alle"",""die"",""Prüfung"",""schaffen"",""werden""]","[3,5,7,2,4,3,7,8,7]","[4.9605,5.6257,4.2736,4.1393,4.4773,5.5136,2.6385,3.5252,4.69]","[0.2588,0.0824,0.0235,0.9176,0.0118,0.0118,0.0118,0.0471,0.8471]","[132.068,131.8525,105.4835,144.5412,119.9706,133.0667,137.3165,131.7941,121.7882]","[""NA"",0.2879,0.3558,""NA"",""NA"",""NA"",0.9597,0.0668,0.144]","[1,1,1.45,1,1,1,2.5,1.45,1]"
112,10,"Die meisten Geschäfte schließen samstags früher als unter der Woche. ","ID_112_10","v4","[[142.5,230.5,384,384],[230.5,340.5,384,384],[340.5,450.5,384,384],[450.5,549.5,384,384],[549.5,626.5,384,384],[626.5,670.5,384,384],[670.5,736.5,384,384],[736.5,780.5,384,384],[780.5,852,384,384]]","[2,3,4,5,6,7,8,9,10]","[""meisten"",""Geschäfte"",""schließen"",""samstags"",""früher"",""als"",""unter"",""der"",""Woche""]","[7,9,9,8,6,3,5,3,6]","[3.3869,2.975,2.9926,1.5441,3.4797,4.772,3.983,5.3728,3.6864]","[0.0824,0,0.0941,0.0118,0.0353,0.9529,0.0118,0.8706,0.9059]","[130.0202,136.2898,130.2013,137.7721,128.768,122.2562,122.0886,134.7281,123.1]","[0.0917,0.1971,0.1218,0.9928,0.3121,""NA"",0.3178,""NA"",0.6327]","[1.25,1.6,1.35,2.75,1.4,1,1,1,1.25]"
113,7,"Die Astronauten antworten seit Tagen nicht mehr. ","ID_113_7","v4","[[142.5,274.5,384,384],[274.5,384.5,384,384],[384.5,439.5,384,384],[439.5,505.5,384,384],[505.5,571.5,384,384],[571.5,632,384,384]]","[2,3,4,5,6,7]","[""Astronauten"",""antworten"",""seit"",""Tagen"",""nicht"",""mehr""]","[11,9,4,5,5,5]","[1.7324,2.828,3.9332,3.4551,5.6257,4.6383]","[0,0,0,0.0588,0.8,0.7294]","[128.293,126.9355,118.9971,152.6549,131.8525,119.8745]","[0.5075,0.1948,""NA"",0.2879,0.2879,0.5728]","[3.25,1.7,1,1,1,1]"
114,8,"Die Schüler schreiben ihrer kranken Lehrerin einen Brief. ","ID_114_8","v4","[[142.5,230.5,384,384],[230.5,340.5,384,384],[340.5,406.5,384,384],[406.5,494.5,384,384],[494.5,593.5,384,384],[593.5,659.5,384,384],[659.5,731,384,384]]","[2,3,4,5,6,7,8]","[""Schüler"",""schreiben"",""ihrer"",""kranken"",""Lehrerin"",""einen"",""Brief""]","[7,9,5,7,8,5,6]","[3.0777,3.3316,3.6266,2.2253,2.6304,4.901,3.1864]","[0.0118,0.0118,0,0.0588,0.7294,0.8588,0.7529]","[132.6633,129.3124,120.3765,134.1193,125.0632,126.2902,115.5131]","[0.5984,0.0573,0.5339,0.103,0.3951,0.2879,0.8355]","[1.5,1.55,1.45,1.45,1.85,1,1.6]"
115,6,"Die Beschuldigten schweigen zu den Vorwürfen. ","ID_115_6","v4","[[142.5,296.5,384,384],[296.5,406.5,384,384],[406.5,439.5,384,384],[439.5,483.5,384,384],[483.5,599,384,384]]","[2,3,4,5,6]","[""Beschuldigten"",""schweigen"",""zu"",""den"",""Vorwürfen""]","[13,9,2,3,10]","[0.8451,2.6107,5.3601,5.163,1.2304]","[0,0.0119,0.2262,0.4286,0.4286]","[135.9849,135.1403,118.9471,143.4627,120.2867]","[0.0797,0.0815,""NA"",""NA"",0.5115]","[2.45,1.7,1,1,2.55]"
116,7,"Die beiden Mädchen schütteln sich vor lachen. ","ID_116_7","v4","[[142.5,219.5,384,384],[219.5,307.5,384,384],[307.5,417.5,384,384],[417.5,472.5,384,384],[472.5,516.5,384,384],[516.5,599,384,384]]","[2,3,4,5,6,7]","[""beiden"",""Mädchen"",""schütteln"",""sich"",""vor"",""lachen""]","[6,7,9,4,3,7]","[3.6521,4.075,2.143,4.9203,4.5422,3.1212]","[0.0118,0.0471,0,0.4235,0.4588,0.1882]","[137.4379,148.7854,127.2153,134.2902,133.7752,116.1059]","[0.2086,0.2506,0.1218,""NA"",""NA"",0.144]","[1,1.15,1.65,1,1,1]"
117,8,"Dorothea log oft bei Fragen nach ihrem Alter. ","ID_117_8","v4","[[197.5,241.5,384,384],[241.5,285.5,384,384],[285.5,329.5,384,384],[329.5,406.5,384,384],[406.5,461.5,384,384],[461.5,527.5,384,384],[527.5,599,384,384]]","[2,3,4,5,6,7,8]","[""log"",""oft"",""bei"",""Fragen"",""nach"",""ihrem"",""Alter""]","[3,3,3,6,4,5,6]","[1.8261,3.638,4.5715,3.5748,4.6686,3.6051,3.5469]","[0,0.0233,0.0116,0.0349,0.1047,0.2791,0.2326]","[136.9451,124.7582,131.4131,136.6386,133.8824,132.8525,110.8882]","[""NA"",""NA"",""NA"",0.1805,""NA"",0.5646,0.3178]","[1,1,1,1.35,1,1.55,1]"
118,9,"Die Großmutter wog die Zutaten beim Backen sehr genau. ","ID_118_9","v4","[[142.5,263.5,384,384],[263.5,307.5,384,384],[307.5,351.5,384,384],[351.5,439.5,384,384],[439.5,494.5,384,384],[494.5,571.5,384,384],[571.5,626.5,384,384],[626.5,698,384,384]]","[2,3,4,5,6,7,8,9]","[""Großmutter"",""wog"",""die"",""Zutaten"",""beim"",""Backen"",""sehr"",""genau""]","[10,3,3,7,4,6,4,6]","[2.9074,1.6021,5.5136,2.0531,3.8822,1.7853,4.4877,4.0827]","[0,0,0.1176,0.0706,0.0118,0.7059,0.0118,0.8941]","[133.4294,149.5477,133.0667,128.614,140.9324,141.4797,139.1863,121.681]","[0.4517,""NA"",""NA"",0.6043,""NA"",0.144,""NA"",0.6327]","[2.3,1,1,1.95,1.05,1,1,1.45]"
119,7,"Die Mutter sagte, Nina übe gerade Klavier. ","ID_119_7","v4","[[142.5,219.5,384,384],[219.5,296.5,384,384],[296.5,351.5,384,384],[351.5,395.5,384,384],[395.5,472.5,384,384],[472.5,566,384,384]]","[2,3,4,5,6,7]","[""Mutter"",""sagte"",""Nina"",""übe"",""gerade"",""Klavier""]","[6,6,4,3,6,8]","[4.1585,4.1861,2.6767,2.0755,4.215,2.4548]","[0.0235,0.0118,0,0,0.0118,0.0941]","[130.3582,119.3778,138.3137,144.8863,140.117,111.8775]","[0.2784,0.3216,""NA"",""NA"",0.2798,0.8813]","[1,1,1,1.25,1.4,2]"
120,8,"Der Gehilfe des Gärtners sät Kresse und Radieschen. ","ID_120_8","v4","[[142.5,230.5,384,384],[230.5,274.5,384,384],[274.5,373.5,384,384],[373.5,417.5,384,384],[417.5,494.5,384,384],[494.5,538.5,384,384],[538.5,665,384,384]]","[2,3,4,5,6,7,8]","[""Gehilfe"",""des"",""Gärtners"",""sät"",""Kresse"",""und"",""Radieschen""]","[7,3,8,3,6,3,11]","[1.415,4.4516,0.4771,1.3222,0.301,5.4068,1.415]","[0,0.4302,0.0465,0.0116,0.0116,0.1395,0.0233]","[132.4706,141.3124,130.1936,131.1059,132.4647,140.6863,127.9258]","[0.703,""NA"",0.6267,""NA"",0.3121,""NA"",0.4594]","[1.95,1,2.3,1,1.5,1,2.95]"
121,7,"Die zwei Nichten öden sich gegenseitig an. ","ID_121_7","v4","[[142.5,197.5,384,384],[197.5,285.5,384,384],[285.5,340.5,384,384],[340.5,395.5,384,384],[395.5,527.5,384,384],[527.5,566,384,384]]","[2,3,4,5,6,7]","[""zwei"",""Nichten"",""öden"",""sich"",""gegenseitig"",""an""]","[4,7,4,4,11,3]","[4.177,1.3424,1.3802,4.9203,2.8585,4.9913]","[0,0,0,0.6047,0.3953,0.9186]","[123.6961,134.2734,144.5588,134.2902,135.9815,100.6092]","[""NA"",0.103,""NA"",""NA"",0.2176,""NA""]","[1.35,1.35,1.1,1,2.4,1]"
122,10,"Sei so gut und miß bitte die Tiefe des Regals. ","ID_122_10","v4","[[142.5,175.5,384,384],[175.5,219.5,384,384],[219.5,263.5,384,384],[263.5,307.5,384,384],[307.5,373.5,384,384],[373.5,417.5,384,384],[417.5,483.5,384,384],[483.5,527.5,384,384],[527.5,610,384,384]]","[2,3,4,5,6,7,8,9,10]","[""so"",""gut"",""und"",""miß"",""bitte"",""die"",""Tiefe"",""des"",""Regals""]","[2,3,3,3,5,3,5,3,7]","[5.0442,4.7348,5.4068,1.4624,4.3888,5.5136,2.415,4.4516,0]","[0.0353,0.2588,0.7176,0,0.0235,0.5765,0,0.6471,0.0235]","[127.5902,137.5203,140.6863,146.2876,125.1082,133.0667,130.2675,141.3124,126.6073]","[""NA"",""NA"",""NA"",""NA"",0.365,""NA"",0.5339,""NA"",0.6506]","[1,1,1,1,1,1,1.3,1,1.85]"
123,8,"Jetzt rate doch mal, wen ich gesehen habe! ","ID_123_8","v4","[[164.5,219.5,384,384],[219.5,274.5,384,384],[274.5,329.5,384,384],[274.5,329.5,384,384],[329.5,373.5,384,384],[373.5,417.5,384,384],[417.5,505.5,384,384],[505.5,566,384,384]]","[2,3,4,4,5,6,7,8]","[""rate"",""doch"",""mal"",""mal"",""wen"",""ich"",""gesehen"",""habe""]","[4,4,3,4,3,3,7,5]","[2.4298,4.7422,4.7522,4.7522,3.3744,5.6438,4.2184,4.9709]","[0,0.0116,0.4824,0.686,0.0116,0.593,0,0.9535]","[121.3471,141.2451,148.8771,111.6578,137.0327,124.3542,140.3289,127.4878]","[""NA"",""NA"",""NA"",""NA"",""NA"",""NA"",0.3605,0.5923]","[1,1,1,1,1,1,1.45,1]"
124,9,"Sei so lieb und lies mir die Angaben vor! ","ID_124_9","v4","[[142.5,175.5,384,384],[175.5,230.5,384,384],[230.5,274.5,384,384],[274.5,329.5,384,384],[329.5,373.5,384,384],[373.5,417.5,384,384],[417.5,505.5,384,384],[505.5,555,384,384]]","[2,3,4,5,6,7,8,9]","[""so"",""lieb"",""und"",""lies"",""mir"",""die"",""Angaben"",""vor""]","[2,4,3,4,3,3,7,4]","[5.0442,3.1248,5.4068,2.2989,5.2001,5.5136,2.0607,4.5422]","[0.0349,0.2209,0.7674,0,0.593,0.0814,0,0.6628]","[127.5902,125.7167,140.6863,117.2412,126.2418,133.0667,147.0381,100.3314]","[""NA"",""NA"",""NA"",""NA"",""NA"",""NA"",0.4885,""NA""]","[1,1,1,1,1,1,1.85,1]"
125,8,"Bitte wirf den Ball nicht wieder aufs Dach. ","ID_125_8","v4","[[164.5,219.5,384,384],[219.5,263.5,384,384],[263.5,318.5,384,384],[318.5,384.5,384,384],[384.5,461.5,384,384],[461.5,516.5,384,384],[516.5,577,384,384]]","[2,3,4,5,6,7,8]","[""wirf"",""den"",""Ball"",""nicht"",""wieder"",""aufs"",""Dach""]","[4,3,4,5,6,4,5]","[2.3181,5.163,3.1508,5.6257,4.6018,3.3397,3.0903]","[0,0.2169,0.506,0.3735,0.012,0,0.5301]","[121.4941,143.4627,133.3716,131.8525,130.6824,127.8667,121.7906]","[""NA"",""NA"",""NA"",0.2879,0.2039,""NA"",0.5923]","[1.1,1,1,1,1.1,1,1]"
126,6,"Bitte hilf deiner Schwester beim Aufräumen. ","ID_126_6","v4","[[164.5,219.5,384,384],[219.5,296.5,384,384],[296.5,406.5,384,384],[406.5,461.5,384,384],[461.5,577,384,384]]","[2,3,4,5,6]","[""hilf"",""deiner"",""Schwester"",""beim"",""Aufräumen""]","[4,6,9,4,10]","[2.9552,3.8763,3.7496,3.8822,1.6128]","[0.0116,0.0233,0.4535,0.3372,0.2093]","[123.8118,128.4954,133.0854,140.9324,127.1004]","[""NA"",0.144,0.204,""NA"",0.3872]","[1.3,1,1.55,1.05,2.25]"
127,8,"Die streikenden Fahrer konnte man kilometerweit hupen hören. ","ID_127_8","v4","[[142.5,274.5,384,384],[274.5,351.5,384,384],[351.5,428.5,384,384],[428.5,472.5,384,384],[472.5,626.5,384,384],[626.5,692.5,384,384],[692.5,764,384,384]]","[2,3,4,5,6,7,8]","[""streikenden"",""Fahrer"",""konnte"",""man"",""kilometerweit"",""hupen"",""hören""]","[11,6,6,3,13,5,6]","[0.6021,2.9047,3.9225,4.6026,0.8451,1.5051,3.9366]","[0,0,0.0118,0.1529,0.0118,0.0235,1]","[129.944,128.9876,132.1967,144.6941,126.213,142.9906,118.5072]","[0.1369,0.2448,0.2798,""NA"",0.874,0.9311,0.5646]","[2.45,1.2,1,1,4.85,1.8,1.1]"
128,9,"Die Gärtner mähen den Rasen im Park jeden Mittwoch. ","ID_128_9","v4","[[142.5,230.5,384,384],[230.5,296.5,384,384],[296.5,340.5,384,384],[340.5,406.5,384,384],[406.5,439.5,384,384],[439.5,494.5,384,384],[494.5,560.5,384,384],[560.5,665,384,384]]","[2,3,4,5,6,7,8,9]","[""Gärtner"",""mähen"",""den"",""Rasen"",""im"",""Park"",""jeden"",""Mittwoch""]","[7,5,3,5,2,4,5,9]","[2,1.4771,5.163,2.3118,4.7586,3.1399,3.8264,2.5658]","[0,0,0.5977,0.8736,0.092,0.2989,0.046,0.0115]","[130.6695,147.829,143.4627,139.9624,135.8078,135.1637,136.4345,122.858]","[0.7275,0.5339,""NA"",0.3663,""NA"",""NA"",0.322,0.9928]","[1.9,1.45,1,1,1,1,1.4,3.15]"
129,9,"Gute Beziehungen ebnen vielen Unternehmern den Weg zum Erfolg. ","ID_129_9","v4","[[153.5,285.5,384,384],[285.5,351.5,384,384],[351.5,428.5,384,384],[428.5,571.5,384,384],[571.5,615.5,384,384],[615.5,659.5,384,384],[659.5,703.5,384,384],[703.5,786,384,384]]","[2,3,4,5,6,7,8,9]","[""Beziehungen"",""ebnen"",""vielen"",""Unternehmern"",""den"",""Weg"",""zum"",""Erfolg""]","[11,5,6,12,3,3,3,7]","[2.6848,0.8451,3.4218,0.301,5.163,4.1024,4.5244,3.0719]","[0.0116,0,0.0116,0,0.6047,0.6163,0.3953,0.7558]","[137.6114,138.018,118.8007,133.818,143.4627,158.6667,135.7948,123.1445]","[0.2494,0.6327,0.1952,0.0726,""NA"",""NA"",""NA"",0.9998]","[2.55,1.7,1.15,2.4,1,1,1,1.7]"
130,7,"Mäuse und Ratten nagen gerne an Stromkabeln. ","ID_130_7","v4","[[164.5,208.5,384,384],[208.5,285.5,384,384],[285.5,351.5,384,384],[351.5,417.5,384,384],[417.5,450.5,384,384],[450.5,588,384,384]]","[2,3,4,5,6,7]","[""und"",""Ratten"",""nagen"",""gerne"",""an"",""Stromkabeln""]","[3,6,5,5,2,12]","[5.4068,2.5717,1.1461,3.7193,4.9913,0]","[0.1529,0.4588,0.0118,0.1529,0.6824,0.0235]","[140.6863,134.0418,140.629,135.4024,150.9137,128.5373]","[""NA"",0.2039,0.2879,0.365,""NA"",0.8463]","[1,1,1,1.2,1,4.1]"
131,6,"Tierärzte impfen keine Kaninchen gegen Tollwut. ","ID_131_6","v4","[[208.5,285.5,384,384],[285.5,351.5,384,384],[351.5,461.5,384,384],[461.5,527.5,384,384],[527.5,621,384,384]]","[2,3,4,5,6]","[""impfen"",""keine"",""Kaninchen"",""gegen"",""Tollwut""]","[6,5,9,5,8]","[1.2553,4.6341,2.3075,3.9526,1.4914]","[0,0,0,0.4048,0.3214]","[139.9444,129.8745,134.0985,148.7584,115.5152]","[0.9985,0.2879,0.7211,0.2879,0.6688]","[1.9,1,2.5,1,3]"
132,8,"Die Hunde der Wächter bellen beim geringsten Anlass. ","ID_132_8","v4","[[142.5,208.5,384,384],[208.5,252.5,384,384],[252.5,340.5,384,384],[340.5,417.5,384,384],[417.5,472.5,384,384],[472.5,593.5,384,384],[593.5,665,384,384]]","[2,3,4,5,6,7,8]","[""Hunde"",""der"",""Wächter"",""bellen"",""beim"",""geringsten"",""Anlaß""]","[5,3,7,6,4,10,7]","[3.0191,5.3728,2.5502,1.8513,3.8822,2.0253,2.4082]","[0,0.0118,0.0118,0.1412,0,0.0353,0.1765]","[147.4306,134.7281,135.2303,129.0052,140.9324,132.8855,""NA""]","[0.2879,""NA"",0.4885,0.1818,""NA"",0.1865,""NA""]","[1,1,1.85,1.15,1.05,2.35,1.9]"
133,7,"Affen kraulen sich oft stundenlang das Fell. ","ID_133_7","v4","[[164.5,252.5,384,384],[252.5,307.5,384,384],[307.5,351.5,384,384],[351.5,483.5,384,384],[483.5,527.5,384,384],[527.5,588,384,384]]","[2,3,4,5,6,7]","[""kraulen"",""sich"",""oft"",""stundenlang"",""das"",""Fell""]","[7,4,3,11,3,5]","[0.7782,4.9203,3.638,2.2304,5.5145,2.0607]","[0,0.8706,0.0824,0,0.1529,0.8471]","[126.5619,134.2902,124.7582,134.2132,141.2889,105.7459]","[0.2506,""NA"",""NA"",0.1611,""NA"",0.783]","[1.65,1,1,2.45,1,1]"
134,9,"Die Forscher stapfen durch den Schnee zurück zum Lager. ","ID_134_9","v4","[[142.5,241.5,384,384],[241.5,329.5,384,384],[329.5,395.5,384,384],[395.5,439.5,384,384],[439.5,516.5,384,384],[516.5,593.5,384,384],[593.5,637.5,384,384],[637.5,709,384,384]]","[2,3,4,5,6,7,8,9]","[""Forscher"",""stapfen"",""durch"",""den"",""Schnee"",""zurück"",""zum"",""Lager""]","[8,7,5,3,6,6,3,6]","[1.8865,0.7782,4.1794,5.163,2.7796,4.3538,4.5244,2.9074]","[0,0,0.4706,0.6824,0.1647,0.0118,0.2353,0.2353]","[126.8221,134.549,133.3584,143.4627,139.1706,125.9222,135.7948,119.1373]","[0.3813,0.4885,0.7319,""NA"",0.9885,0.9931,""NA"",0.3178]","[1.85,1.85,1.3,1,1.8,1.2,1,1]"
135,9,"Viele Babys schielen nach der Geburt eine Weile lang. ","ID_135_9","v4","[[164.5,230.5,384,384],[230.5,329.5,384,384],[329.5,384.5,384,384],[384.5,428.5,384,384],[428.5,505.5,384,384],[505.5,560.5,384,384],[560.5,626.5,384,384],[626.5,687,384,384]]","[2,3,4,5,6,7,8,9]","[""Babys"",""schielen"",""nach"",""der"",""Geburt"",""eine"",""Weile"",""lang""]","[5,8,4,3,6,4,5,5]","[2.749,0.9542,4.6686,5.3728,2.7627,5.0745,3.2831,3.7592]","[0,0,0.1294,0.6353,0.6118,0.0353,0.6118,0.2235]","[149.7859,125.5706,133.8824,134.7281,134.5405,124.5343,128.8424,116.869]","[0.8355,0.0318,""NA"",""NA"",0.9787,""NA"",0.2879,0.5923]","[1.45,1.4,1,1,1.85,1,1,1]"
136,9,"Die Bäume in den Wäldern speichern sehr viel Wasser. ","ID_136_9","v4","[[142.5,208.5,384,384],[208.5,241.5,384,384],[241.5,285.5,384,384],[285.5,373.5,384,384],[373.5,483.5,384,384],[483.5,538.5,384,384],[538.5,593.5,384,384],[593.5,676,384,384]]","[2,3,4,5,6,7,8,9]","[""Bäume"",""in"",""den"",""Wäldern"",""speichern"",""sehr"",""viel"",""Wasser""]","[5,2,3,7,9,4,4,7]","[2.6812,5.2604,5.163,2.0374,1.7559,4.4877,4.3869,3.7491]","[0.0119,0.0714,0.119,0.4167,0,0.0476,0.9405,0.5476]","[151.9231,117.7196,143.4627,138.2415,130.681,139.1863,112.0353,118.7798]","[0.7319,""NA"",""NA"",0.5984,0.1971,""NA"",""NA"",0.4883]","[1.6,1,1,1.85,2.05,1,1,1.15]"
137,7,"Die meisten Leute schummeln beim Spielen gelegentlich. ","ID_137_7","v4","[[142.5,230.5,384,384],[230.5,296.5,384,384],[296.5,406.5,384,384],[406.5,461.5,384,384],[461.5,549.5,384,384],[549.5,698,384,384]]","[2,3,4,5,6,7]","[""meisten"",""Leute"",""schummeln"",""beim"",""Spielen"",""gelegentlich""]","[7,5,9,4,7,13]","[3.3869,4.3015,1.4914,3.8822,2.8287,2.0531]","[0.0241,0.2289,0,0.3855,0.1807,0]","[130.0202,127.0659,136.932,140.9324,135.4174,124.4881]","[0.0917,0.3216,0.2017,""NA"",0.103,0.2039]","[1.25,1,2.1,1.05,1.5,3.05]"
138,10,"Nach dem Spiel massieren die Therapeuten den Spielern die Beine. ","ID_138_10","v4","[[153.5,197.5,384,384],[197.5,263.5,384,384],[263.5,373.5,384,384],[373.5,417.5,384,384],[417.5,549.5,384,384],[549.5,593.5,384,384],[593.5,692.5,384,384],[692.5,736.5,384,384],[736.5,808,384,384]]","[2,3,4,5,6,7,8,9,10]","[""dem"",""Spiel"",""massieren"",""die"",""Therapeuten"",""den"",""Spielern"",""die"",""Beine""]","[3,5,9,3,11,3,8,3,6]","[4.875,3.7208,1.8751,5.5136,1.9294,5.163,1.5798,5.5136,3.17]","[0.3529,0.0471,0,0.5882,0.0353,0.1412,0.1294,0.7176,0.3647]","[155.5216,144.0988,128.8601,133.0667,135.2635,143.4627,131.8789,133.0667,120.0542]","[""NA"",0.5646,0.0573,""NA"",0.3886,""NA"",0.1879,""NA"",0.2879]","[1,1.15,1.6,1,3.4,1,1.75,1,1]"
139,7,"Die beiden Mädchen tuscheln während des Unterrichts. ","ID_139_7","v4","[[142.5,219.5,384,384],[219.5,307.5,384,384],[307.5,406.5,384,384],[406.5,494.5,384,384],[494.5,538.5,384,384],[538.5,676,384,384]]","[2,3,4,5,6,7]","[""beiden"",""Mädchen"",""tuscheln"",""während"",""des"",""Unterrichts""]","[6,7,8,7,3,12]","[3.6521,4.075,0.8451,3.6053,4.4516,1.0414]","[0,0.0698,0,0,0.6279,0.7791]","[137.4379,148.7854,126.2201,141.2751,141.3124,117.1353]","[0.2086,0.2506,0.1879,0.2506,""NA"",0.2365]","[1,1.15,1.6,1.55,1,2.4]"
140,8,"Die Häuser am Horizont flimmern in der Sonne. ","ID_140_8","v4","[[142.5,219.5,384,384],[219.5,252.5,384,384],[252.5,351.5,384,384],[351.5,450.5,384,384],[450.5,483.5,384,384],[483.5,527.5,384,384],[527.5,599,384,384]]","[2,3,4,5,6,7,8]","[""Häuser"",""am"",""Horizont"",""flimmern"",""in"",""der"",""Sonne""]","[6,2,8,8,2,3,6]","[2.7582,4.3613,2.0792,0.6021,5.2604,5.3728,3.2135]","[0,0.0233,0,0,0.3488,0.8023,0.4535]","[137.1484,150.3843,126.6819,131.3887,117.7196,134.7281,121.934]","[0.9985,""NA"",0.9988,0.4099,""NA"",""NA"",0.5201]","[1.8,1,2.35,2.05,1,1,1]"
141,10,"Den ganzen Tag über konnte man die Raben krächzen hören. ","ID_141_10","v4","[[142.5,219.5,384,384],[219.5,263.5,384,384],[263.5,318.5,384,384],[318.5,395.5,384,384],[395.5,439.5,384,384],[439.5,483.5,384,384],[483.5,549.5,384,384],[549.5,648.5,384,384],[648.5,720,384,384]]","[2,3,4,5,6,7,8,9,10]","[""ganzen"",""Tag"",""über"",""konnte"",""man"",""die"",""Raben"",""krächzen"",""hören""]","[6,3,4,6,3,3,5,8,6]","[3.8024,4.2126,4.4761,3.9225,4.6026,5.5136,1,0.699,3.9366]","[0.1163,0.8837,0.1047,0.0116,0.2442,0.186,0,0.1047,1]","[136.3366,153.7922,135.4422,132.1967,144.6941,133.0667,146.7427,132.4529,118.5072]","[0.2784,""NA"",""NA"",0.2798,""NA"",""NA"",0.3178,0.4194,0.5646]","[1.25,1,1,1,1,1,1,2.1,1.1]"
142,7,"Vor dem Auftritt schminken die Schauspieler sich. ","ID_142_7","v4","[[142.5,186.5,384,384],[186.5,285.5,384,384],[285.5,395.5,384,384],[395.5,439.5,384,384],[439.5,582.5,384,384],[582.5,643,384,384]]","[2,3,4,5,6,7]","[""dem"",""Auftritt"",""schminken"",""die"",""Schauspieler"",""sich""]","[3,8,9,3,12,5]","[4.875,2.6955,1.6902,5.5136,3.0903,4.9203]","[0.2,0,0,0.0824,0.3765,0.6]","[155.5216,121.8588,135.4031,133.0667,131.1513,107.4322]","[""NA"",0.4099,0.2299,""NA"",0.0348,0.5923]","[1,1.95,1.85,1,1.8,1]"
143,6,"Die zwei frechen Jungs heucheln Unschuld. ","ID_143_6","v4","[[142.5,197.5,384,384],[197.5,285.5,384,384],[285.5,351.5,384,384],[351.5,450.5,384,384],[450.5,555,384,384]]","[2,3,4,5,6]","[""zwei"",""frechen"",""Jungs"",""heucheln"",""Unschuld""]","[4,7,5,8,9]","[4.177,1.5051,3.8447,0.9031,2.3424]","[0,0,0.0233,0,0.093]","[123.6961,129.195,136.5859,131.598,124.8889]","[""NA"",0.1276,0.5201,0.3827,0.9734]","[1.35,1.65,1,2.15,2.85]"
144,5,"Manche Menschen stottern bei Nervosität. ","ID_144_5","v4","[[175.5,274.5,384,384],[274.5,373.5,384,384],[373.5,417.5,384,384],[417.5,544,384,384]]","[2,3,4,5]","[""Menschen"",""stottern"",""bei"",""Nervosität""]","[8,8,3,11]","[4.0549,1.2553,4.5715,1.3617]","[0.4253,0,0.0575,0.0115]","[139.5618,121.7382,131.4131,118.8802]","[0.2928,0.3184,""NA"",0.958]","[1.6,2.05,1,3.55]"
